{"Fid":"f8DWPOCASZqOtCPJ_U4pd2","Status":3,"RefreshToken":"3_AS3qfwLY8GkFFbw7z_3zjXqm4z3aLIDwtGM1gRMUKwqTsepJ837Qal2O64anGmefpauyjmyrDdt3u2JNaj46ZR4wehfbjBgSrCacKxdvKBVG8A","AuthToken":"eyJhbGciOiJFUzI1NiIsInR5cCI6IkpXVCJ9.eyJhcHBJZCI6IjE6MzY3MjY5MDA4OTg2OmFuZHJvaWQ6NzliMWNhNTQ5NTQxMTEyNCIsImV4cCI6MTc1NzE2NTA4MCwiZmlkIjoiZjhEV1BPQ0FTWnFPdENQSl9VNHBkMiIsInByb2plY3ROdW1iZXIiOjM2NzI2OTAwODk4Nn0.AB2LPV8wRQIhAPwYym1OPV29FYZp76HdNP_gyZC2EGeHR72yVRZuah7xAiBpX0wV2CUXZJ24_8Mnz8n-X1pkEGET8VP8I0OeaHjsUA","TokenCreationEpochInSecs":1756560278,"ExpiresInSecs":604800}