{"Fid":"dT9W3MkfRtuMHcAMbPcVJf","Status":3,"RefreshToken":"3_AS3qfwJj15-IvVGpZPyOCpfxZgNbm7SBi7BelseQS6RqgXgx5KB667j4SYoZP83nH6x5XfyvN8VGhwarKk6zr6XD2nfkaPLOm7DX0zSYRQ5M35A","AuthToken":"eyJhbGciOiJFUzI1NiIsInR5cCI6IkpXVCJ9.eyJhcHBJZCI6IjE6MzY3MjY5MDA4OTg2OmFuZHJvaWQ6NzliMWNhNTQ5NTQxMTEyNCIsImV4cCI6MTc1NzE2NTI4MCwiZmlkIjoiZFQ5VzNNa2ZSdHVNSGNBTWJQY1ZKZiIsInByb2plY3ROdW1iZXIiOjM2NzI2OTAwODk4Nn0.AB2LPV8wRQIhAJn_m5IlU8nrbp4uNRBnfniaR7VwPjoFn1zKTscxe22cAiBN5EY1Ackb9ZKk2oNVbjWGn7-VdNy2SQCxqcF0iIf5Gg","TokenCreationEpochInSecs":1756560479,"ExpiresInSecs":604800}