{"Fid":"dHcD7qdyQ3iWXRQjm1zjmE","Status":3,"RefreshToken":"3_AS3qfwKZ14MI70cjQxU9t41V59JQRIUxW4wL7qvlqomAtWEQ3tZT_b_bjsSO-f0_25k6m-C3bQoy2ZevuXob8PBzIO3t9sfqG4K_Ge5x3_70CA","AuthToken":"eyJhbGciOiJFUzI1NiIsInR5cCI6IkpXVCJ9.eyJhcHBJZCI6IjE6MzY3MjY5MDA4OTg2OmFuZHJvaWQ6NzliMWNhNTQ5NTQxMTEyNCIsImV4cCI6MTc1ODg5MDk5MCwiZmlkIjoiZEhjRDdxZHlRM2lXWFJRam0xemptRSIsInByb2plY3ROdW1iZXIiOjM2NzI2OTAwODk4Nn0.AB2LPV8wRQIgfM4cEs1VUMAoae4NNDmUy5GEjA6Wmp9zwlZ3V4aZO6kCIQDYoiKHIzyD_oJXKWZtVb_aTIEX58pseR2VNFd5__0Qjw","TokenCreationEpochInSecs":1758286189,"ExpiresInSecs":604800}