<?xml version='1.0' encoding='utf-8' standalone='yes' ?>
<map>
    <boolean name="namespaceSharedPreferences" value="false" />
    <string name="device.id">7e5404566d9674a5ade8fdba1c940a2b4c6d0e532de181f0720338e71eeac443</string>
    <string name="project-settings-plan-wSgiSNwwTtjusY4M1GugEJ3I3kBxgBvU">{&quot;_lastModified&quot;:&quot;2025-10-01T08:49:36.192Z&quot;,&quot;integrations&quot;:{&quot;Amazon S3&quot;:{&quot;versionSettings&quot;:{&quot;componentTypes&quot;:[]}},&quot;Singular&quot;:{&quot;apiKey&quot;:&quot;crunchyrollinc_e8c79ab9&quot;,&quot;secret&quot;:&quot;aeb4fd44e51ee8d80a6266427e09b125&quot;,&quot;versionSettings&quot;:{&quot;componentTypes&quot;:[&quot;ios&quot;,&quot;android&quot;,&quot;server&quot;]},&quot;type&quot;:&quot;ios&quot;},&quot;Actions Google Analytic 4&quot;:{&quot;versionSettings&quot;:{&quot;componentTypes&quot;:[]}},&quot;Mixpanel (Actions)&quot;:{&quot;versionSettings&quot;:{&quot;componentTypes&quot;:[]}},&quot;Braze Cloud Mode (Actions)&quot;:{&quot;versionSettings&quot;:{&quot;componentTypes&quot;:[&quot;server&quot;]},&quot;type&quot;:&quot;server&quot;},&quot;Segment.io&quot;:{&quot;apiKey&quot;:&quot;wSgiSNwwTtjusY4M1GugEJ3I3kBxgBvU&quot;,&quot;unbundledIntegrations&quot;:[&quot;Mixpanel&quot;,&quot;Google Analytics&quot;],&quot;addBundledMetadata&quot;:true,&quot;maybeBundledConfigIds&quot;:{&quot;Singular&quot;:[&quot;60b0bb4d1f42e4c53a6dfc29&quot;]},&quot;versionSettings&quot;:{&quot;version&quot;:&quot;4.4.7&quot;,&quot;componentTypes&quot;:[&quot;browser&quot;]}}},&quot;plan&quot;:{&quot;track&quot;:{&quot;__default&quot;:{&quot;enabled&quot;:true,&quot;integrations&quot;:{}}},&quot;identify&quot;:{&quot;__default&quot;:{&quot;enabled&quot;:true}},&quot;group&quot;:{&quot;__default&quot;:{&quot;enabled&quot;:true}}},&quot;edgeFunction&quot;:{},&quot;analyticsNextEnabled&quot;:true,&quot;middlewareSettings&quot;:{},&quot;enabledMiddleware&quot;:{},&quot;metrics&quot;:{&quot;sampleRate&quot;:0.1},&quot;legacyVideoPluginsEnabled&quot;:false,&quot;remotePlugins&quot;:[{&quot;name&quot;:&quot;Braze Cloud Mode (Actions)&quot;,&quot;creationName&quot;:&quot;Braze Cloud Mode (Actions)&quot;,&quot;libraryName&quot;:&quot;braze-cloud-pluginsDestination&quot;,&quot;url&quot;:&quot;https://cdn.segment.com/next-integrations/actions/braze-cloud-plugins/937589e650ea6107fc14.js&quot;,&quot;settings&quot;:{&quot;versionSettings&quot;:{&quot;componentTypes&quot;:[&quot;server&quot;]},&quot;type&quot;:&quot;server&quot;,&quot;subscriptions&quot;:[]}}],&quot;autoInstrumentationSettings&quot;:{&quot;disableTraffic&quot;:false,&quot;sampleRate&quot;:0.0},&quot;timestamp&quot;:1760221561933}</string>
    <int name="build" value="952" />
    <string name="version">3.89.2</string>
    <string name="traits-wSgiSNwwTtjusY4M1GugEJ3I3kBxgBvU">{&quot;pushNotificationAndroid&quot;:&quot;enabled&quot;,&quot;anonymousId&quot;:&quot;cecbdbd7-fae7-4b6c-aef4-8a03a5acac82&quot;,&quot;subscriber_key&quot;:&quot;f74c7ed0c02d7fa19c4b141fb40448894b28b090c469042a6491fa8dd3d118ed&quot;,&quot;syncUsingCellular&quot;:false,&quot;userId&quot;:&quot;de73598e-6680-585a-bd6e-22d04d5591df&quot;,&quot;subStatus&quot;:&quot;Annual Mega Fan&quot;,&quot;createdAt&quot;:&quot;2025-10-10T17:21:05+0000&quot;,&quot;phoneNumber&quot;:&quot;&quot;,&quot;pushNotificationOptOut&quot;:&quot;&quot;,&quot;externalUserId&quot;:&quot;1246007134&quot;,&quot;profileId&quot;:&quot;74981d11-b8ad-44c2-91f7-d9fbd74c43fe&quot;,&quot;email&quot;:&quot;mgayushduo24@gmail.com&quot;,&quot;username&quot;:&quot;&quot;}</string>
</map>
