<?xml version='1.0' encoding='utf-8' standalone='yes' ?>
<map>
    <boolean name="cr-production_is_subscription_from_google_play" value="true" />
    <boolean name="cr-production_is_in_grace" value="false" />
    <boolean name="cr-production_has_subscription" value="true" />
    <long name="cr-production_expiration_date" value="1763213447000" />
    <boolean name="cr-production_is_auto_renewable" value="true" />
    <string name="cr-production_subscription_product_sku">crunchyroll.google.fanpack.annually</string>
    <boolean name="cr-production_is_on_hold" value="false" />
</map>
