<?xml version='1.0' encoding='utf-8' standalone='yes' ?>
<map>
    <string name="https://braze-images.com/appboy/communication/assets/image_assets/images/66f71df29baf770065abf2cd/original.png?1727471089">/data/user/0/com.crunchyroll.crunchyroid/cache/ab_triggers/155559668.png</string>
    <string name="https://braze-images.com/appboy/communication/assets/font_assets/files/66b944a556e9e30063fbb863/original.woff2?1723417765">/data/user/0/com.crunchyroll.crunchyroid/cache/ab_triggers/841477075.woff2</string>
    <string name="https://braze-images.com/appboy/communication/assets/image_assets/images/66f443c29de43c0063c25de2/original.png?1727284161">/data/user/0/com.crunchyroll.crunchyroid/cache/ab_triggers/561536912.png</string>
    <string name="https://braze-images.com/appboy/communication/assets/image_assets/images/6708a20c9aa55a0064573cd1/original.jpg?1728619020">/data/user/0/com.crunchyroll.crunchyroid/cache/ab_triggers/340747064.jpg</string>
    <string name="https://braze-images.com/appboy/communication/assets/image_assets/images/6722366fd7da0f0064dca405/original.png?1730295407">/data/user/0/com.crunchyroll.crunchyroid/cache/ab_triggers/120426951.png</string>
    <string name="https://braze-images.com/appboy/communication/assets/image_assets/images/66f71c6fe9e1cd0073d87a67/original.png?1727470703">/data/user/0/com.crunchyroll.crunchyroid/cache/ab_triggers/488330836.png</string>
    <string name="https://braze-images.com/appboy/communication/assets/font_assets/files/63ee4dd37d34955b8c81124d/original.otf?1676561875">/data/user/0/com.crunchyroll.crunchyroid/cache/ab_triggers/849128942.otf</string>
    <string name="https://braze-images.com/appboy/communication/assets/image_assets/images/6708a20c1219f60066a4d8e4/original.jpg?1728619020">/data/user/0/com.crunchyroll.crunchyroid/cache/ab_triggers/688061716.jpg</string>
    <string name="https://braze-images.com/appboy/communication/assets/image_assets/images/68bebc6db681b800672ab436/original.png?1757330540">/data/user/0/com.crunchyroll.crunchyroid/cache/ab_triggers/698530899.png</string>
    <string name="https://braze-images.com/appboy/communication/assets/font_assets/files/63ee4dd3d6ec073fd90b49aa/original.otf?1676561875">/data/user/0/com.crunchyroll.crunchyroid/cache/ab_triggers/807693683.otf</string>
    <string name="https://braze-images.com/appboy/communication/assets/image_assets/images/66f2cb286a4613006369b13d/original.png?1727187752">/data/user/0/com.crunchyroll.crunchyroid/cache/ab_triggers/551277127.png</string>
    <string name="https://braze-images.com/appboy/communication/assets/image_assets/images/6750ae93d236a2006364bd53/original.png?1733340818">/data/user/0/com.crunchyroll.crunchyroid/cache/ab_triggers/1053022055.png</string>
    <string name="https://braze-images.com/appboy/communication/assets/font_assets/files/64cbee2c488ff3775b87684e/original.ttf?1691086380">/data/user/0/com.crunchyroll.crunchyroid/cache/ab_triggers/45975709.ttf</string>
    <string name="https://braze-images.com/appboy/communication/assets/font_assets/files/64cbee2c1b69b837be76a266/original.ttf?1691086380">/data/user/0/com.crunchyroll.crunchyroid/cache/ab_triggers/262072739.ttf</string>
    <string name="https://braze-images.com/appboy/communication/assets/image_assets/images/66f449cb0d356600667c3221/original.png?1727285706">/data/user/0/com.crunchyroll.crunchyroid/cache/ab_triggers/125925524.png</string>
    <string name="https://appboy-images.com/appboy/communication/assets/code_assets/files/5f2d589683566823fc373ec4/original.js?1596807318">/data/user/0/com.crunchyroll.crunchyroid/cache/ab_triggers/124070722.js</string>
    <string name="https://braze-images.com/appboy/communication/assets/font_assets/files/6733f94f7dabbf0064283e34/original.ttf?1731459407">/data/user/0/com.crunchyroll.crunchyroid/cache/ab_triggers/430323800.ttf</string>
    <string name="https://braze-images.com/appboy/communication/assets/image_assets/images/66f2cb28a64ce00063321a33/original.png?1727187752">/data/user/0/com.crunchyroll.crunchyroid/cache/ab_triggers/369144838.png</string>
    <string name="https://braze-images.com/appboy/communication/assets/image_assets/images/670eab42d643bd0065f0629f/original.png?1729014593">/data/user/0/com.crunchyroll.crunchyroid/cache/ab_triggers/583395296.png</string>
    <string name="https://braze-images.com/appboy/communication/assets/image_assets/images/66fda6baa567390063e46ee5/original.png?1727899321">/data/user/0/com.crunchyroll.crunchyroid/cache/ab_triggers/1055164875.png</string>
    <string name="https://braze-images.com/appboy/communication/assets/image_assets/images/670dccc5001a6200635080ab/original.png?1728957636">/data/user/0/com.crunchyroll.crunchyroid/cache/ab_triggers/853051738.png</string>
    <string name="https://braze-images.com/appboy/communication/assets/image_assets/images/66db536143f7830063604816/original.png?1725649761">/data/user/0/com.crunchyroll.crunchyroid/cache/ab_triggers/1014203717.png</string>
    <string name="https://braze-images.com/appboy/communication/assets/image_assets/images/66f2cb286f1f2c0063981480/original.png?1727187752">/data/user/0/com.crunchyroll.crunchyroid/cache/ab_triggers/1000325008.png</string>
    <string name="https://braze-images.com/appboy/communication/assets/image_assets/images/66f2cb29b7d5df0063b92824/original.png?1727187752">/data/user/0/com.crunchyroll.crunchyroid/cache/ab_triggers/358514291.png</string>
    <string name="https://braze-images.com/appboy/communication/assets/font_assets/files/680bc887a5bf8f0062be92ec/original.ttf?1745602694">/data/user/0/com.crunchyroll.crunchyroid/cache/ab_triggers/888680250.ttf</string>
    <string name="https://braze-images.com/appboy/communication/assets/font_assets/files/63ee4dd3f0e6405eef7e2821/original.otf?1676561875">/data/user/0/com.crunchyroll.crunchyroid/cache/ab_triggers/742552695.otf</string>
    <string name="https://braze-images.com/appboy/communication/assets/image_assets/images/6722ace434093b0063076831/original.jpg?1730325732">/data/user/0/com.crunchyroll.crunchyroid/cache/ab_triggers/230328004.jpg</string>
    <string name="https://braze-images.com/appboy/communication/assets/image_assets/images/673ca9a1f446b4006469a8b0/original.jpg?1732028833">/data/user/0/com.crunchyroll.crunchyroid/cache/ab_triggers/41515991.jpg</string>
    <string name="https://braze-images.com/appboy/communication/assets/image_assets/images/66f2cb2894f1470064c7593a/original.png?1727187752">/data/user/0/com.crunchyroll.crunchyroid/cache/ab_triggers/284690151.png</string>
    <string name="https://braze-images.com/appboy/communication/assets/font_assets/files/680bc88612436500617341c5/original.ttf?1745602694">/data/user/0/com.crunchyroll.crunchyroid/cache/ab_triggers/5915905.ttf</string>
    <string name="https://braze-images.com/appboy/communication/assets/image_assets/images/6722cdf4969d1d0063bca041/original.png?1730334196">/data/user/0/com.crunchyroll.crunchyroid/cache/ab_triggers/232234607.png</string>
    <string name="https://braze-images.com/appboy/communication/assets/image_assets/images/670d7d37cef8e60063bfa192/original.png?1728937271">/data/user/0/com.crunchyroll.crunchyroid/cache/ab_triggers/189492716.png</string>
    <string name="https://braze-images.com/appboy/communication/assets/image_assets/images/66f2034cb4659b0066e3c3af/original.png?1727136588">/data/user/0/com.crunchyroll.crunchyroid/cache/ab_triggers/250592223.png</string>
    <string name="https://braze-images.com/appboy/communication/assets/font_assets/files/64cbee2cde793d772abe1d96/original.ttf?1691086380">/data/user/0/com.crunchyroll.crunchyroid/cache/ab_triggers/1033587996.ttf</string>
    <string name="https://braze-images.com/appboy/communication/assets/font_assets/files/66b944a06355830063e4b562/original.woff2?1723417760">/data/user/0/com.crunchyroll.crunchyroid/cache/ab_triggers/257856274.woff2</string>
    <string name="https://braze-images.com/appboy/communication/assets/image_assets/images/6722a6e37e82e800648885dc/original.png?1730324194">/data/user/0/com.crunchyroll.crunchyroid/cache/ab_triggers/864840870.png</string>
    <string name="https://braze-images.com/appboy/communication/assets/image_assets/images/66fda751b0b137006451ae78/original.png?1727899472">/data/user/0/com.crunchyroll.crunchyroid/cache/ab_triggers/280041530.png</string>
    <string name="https://braze-images.com/appboy/communication/assets/font_assets/files/64cbee2cccaa45223717796c/original.ttf?1691086380">/data/user/0/com.crunchyroll.crunchyroid/cache/ab_triggers/1063388402.ttf</string>
</map>
