<?xml version='1.0' encoding='utf-8' standalone='yes' ?>
<map>
    <string name="feature_usage_package_name">com.crunchyroll.crunchyroid</string>
    <long name="feature_usage_timestamp_reported_feature_3" value="1758288648865" />
    <long name="feature_usage_timestamp_reported_feature_15" value="1758288648879" />
    <long name="feature_usage_timestamp_reported_feature_18" value="1758288648053" />
    <long name="feature_usage_last_report_time" value="1758286239553" />
    <string name="feature_usage_sdk_version">21.4.0</string>
    <long name="feature_usage_timestamp_reported_feature_5" value="1758288182217" />
    <long name="feature_usage_timestamp_reported_feature_12" value="1758288648878" />
    <long name="feature_usage_timestamp_reported_feature_33" value="1758288648949" />
</map>
