<?xml version='1.0' encoding='utf-8' standalone='yes' ?>
<map>
    <set name="kotlin/2.0.20 android-min-sdk/26 fire-analytics/21.3.0 fire-cls/18.6.4 fire-sessions/1.2.4 fire-cls-ndk/18.6.4 fire-core-ktx/20.4.2 fire-core/20.4.2 android-installer/com.android.vending fire-android/31 fire-iid/20.1.6 device-name/V2030 device-model/V2030 fire-installations/17.2.0 android-platform/ fire-transport/18.1.8 fire-fcm/20.1.6 android-target-sdk/35 device-brand/Vivo">
        <string>2025-08-22</string>
    </set>
    <long name="fire-count" value="2" />
    <string name="last-used-date">2025-08-29</string>
    <long name="fire-global" value="1756499030312" />
    <set name="kotlin/2.0.20 android-min-sdk/26 fire-analytics/21.3.0 fire-cls/18.6.4 fire-sessions/1.2.4 fire-cls-ndk/18.6.4 fire-core-ktx/20.4.2 fire-core/20.4.2 android-installer/com.android.vending fire-android/31 fire-iid/20.1.6 device-model/V2030 device-name/V2030 fire-installations/17.2.0 android-platform/ fire-transport/18.1.8 fire-fcm/20.1.6 android-target-sdk/35 device-brand/Vivo">
        <string>2025-08-21</string>
    </set>
</map>
