{"Fid":"dRvct-WBRn-2xm5APPfCBd","Status":3,"RefreshToken":"3_AS3qfwKuU_UXyx_K02lOf5t483JWaHfQwy3M_yc0aFzbT0I5JhIpmZbQaSNzTXlZDEta71vCXE1_IHtRAUbGXjHW2kXgvKmmHAl6JDut71uGQA","AuthToken":"eyJhbGciOiJFUzI1NiIsInR5cCI6IkpXVCJ9.eyJhcHBJZCI6IjE6MzY3MjY5MDA4OTg2OmFuZHJvaWQ6NzliMWNhNTQ5NTQxMTEyNCIsImV4cCI6MTc1NzExMzM5NSwiZmlkIjoiZFJ2Y3QtV0JSbi0yeG01QVBQZkNCZCIsInByb2plY3ROdW1iZXIiOjM2NzI2OTAwODk4Nn0.AB2LPV8wRAIgegp2B0D0srzbV-aY8nvNAPCL4OH0DvgWV3mhwQCYlSMCICZVkP23eAzn2XshwoPYZAao33fMCY0O3QqWj2Q-1tua","TokenCreationEpochInSecs":1756508593,"ExpiresInSecs":604800}