{"Fid":"c57zJz_ESnulD1Gvtc0VnL","Status":3,"RefreshToken":"3_AS3qfwJdfWKy74f9YMZmgPqImmwPpqkWVI_H_bYgwplEN8AYixJKtAo_27NqMjeC-QnpXPIrpty3eflLwVxMQkkVLh1m_vAeQI3ha0s83DLDC8Y","AuthToken":"eyJhbGciOiJFUzI1NiIsInR5cCI6IkpXVCJ9.eyJhcHBJZCI6IjE6MzY3MjY5MDA4OTg2OmFuZHJvaWQ6NzliMWNhNTQ5NTQxMTEyNCIsImV4cCI6MTc1NzEwNTM3MiwiZmlkIjoiYzU3ekp6X0VTbnVsRDFHdnRjMFZuTCIsInByb2plY3ROdW1iZXIiOjM2NzI2OTAwODk4Nn0.AB2LPV8wRAIgavhjyJGPYUxhwbgnNjFKIMRfEioG6TC2vWlrHBsyVMcCIEFAmz3IVw6CrnlmTB-59Tk0ctZPpRaGK-XFPUMCiAUO","TokenCreationEpochInSecs":1756500571,"ExpiresInSecs":604800}