<?xml version='1.0' encoding='utf-8' standalone='yes' ?>
<map>
    <string name="project-settings-plan-wSgiSNwwTtjusY4M1GugEJ3I3kBxgBvU">{&quot;_lastModified&quot;:&quot;2025-08-01T09:44:24.927Z&quot;,&quot;integrations&quot;:{&quot;Amazon S3&quot;:{&quot;versionSettings&quot;:{&quot;componentTypes&quot;:[]}},&quot;Singular&quot;:{&quot;apiKey&quot;:&quot;crunchyrollinc_e8c79ab9&quot;,&quot;secret&quot;:&quot;aeb4fd44e51ee8d80a6266427e09b125&quot;,&quot;versionSettings&quot;:{&quot;componentTypes&quot;:[&quot;ios&quot;,&quot;android&quot;,&quot;server&quot;]},&quot;type&quot;:&quot;ios&quot;},&quot;Actions Google Analytic 4&quot;:{&quot;versionSettings&quot;:{&quot;componentTypes&quot;:[]}},&quot;Mixpanel (Actions)&quot;:{&quot;versionSettings&quot;:{&quot;componentTypes&quot;:[]}},&quot;Braze Cloud Mode (Actions)&quot;:{&quot;versionSettings&quot;:{&quot;componentTypes&quot;:[&quot;server&quot;]},&quot;type&quot;:&quot;server&quot;},&quot;Segment.io&quot;:{&quot;apiKey&quot;:&quot;wSgiSNwwTtjusY4M1GugEJ3I3kBxgBvU&quot;,&quot;unbundledIntegrations&quot;:[&quot;Mixpanel&quot;,&quot;Google Analytics&quot;],&quot;addBundledMetadata&quot;:true,&quot;maybeBundledConfigIds&quot;:{&quot;Singular&quot;:[&quot;60b0bb4d1f42e4c53a6dfc29&quot;]},&quot;versionSettings&quot;:{&quot;version&quot;:&quot;4.4.7&quot;,&quot;componentTypes&quot;:[&quot;browser&quot;]}}},&quot;plan&quot;:{&quot;track&quot;:{&quot;__default&quot;:{&quot;enabled&quot;:true,&quot;integrations&quot;:{}}},&quot;identify&quot;:{&quot;__default&quot;:{&quot;enabled&quot;:true}},&quot;group&quot;:{&quot;__default&quot;:{&quot;enabled&quot;:true}}},&quot;edgeFunction&quot;:{},&quot;analyticsNextEnabled&quot;:true,&quot;middlewareSettings&quot;:{},&quot;enabledMiddleware&quot;:{},&quot;metrics&quot;:{&quot;sampleRate&quot;:0.1},&quot;legacyVideoPluginsEnabled&quot;:false,&quot;remotePlugins&quot;:[{&quot;name&quot;:&quot;Braze Cloud Mode (Actions)&quot;,&quot;creationName&quot;:&quot;Braze Cloud Mode (Actions)&quot;,&quot;libraryName&quot;:&quot;braze-cloud-pluginsDestination&quot;,&quot;url&quot;:&quot;https://cdn.segment.com/next-integrations/actions/braze-cloud-plugins/8244bd5de54317386ec5.js&quot;,&quot;settings&quot;:{&quot;versionSettings&quot;:{&quot;componentTypes&quot;:[&quot;server&quot;]},&quot;type&quot;:&quot;server&quot;,&quot;subscriptions&quot;:[]}}],&quot;autoInstrumentationSettings&quot;:{&quot;disableTraffic&quot;:false,&quot;sampleRate&quot;:0.0},&quot;timestamp&quot;:1756559830921}</string>
    <int name="build" value="952" />
    <boolean name="namespaceSharedPreferences" value="false" />
    <string name="device.id">b53001b27467f441a509a8d525df055a218192a618e19dcb09a9320322396d16</string>
    <string name="version">3.89.2</string>
    <string name="traits-wSgiSNwwTtjusY4M1GugEJ3I3kBxgBvU">{&quot;anonymousId&quot;:&quot;c81cb4d5-6006-47c3-b4b7-d1f3f8868f0a&quot;,&quot;pushNotificationAndroid&quot;:&quot;enabled&quot;,&quot;subscriber_key&quot;:&quot;64cc55b0e7adc6c74e81294154c6109ca0462ed21ec7d54d20eb722b45b050e8&quot;,&quot;syncUsingCellular&quot;:false,&quot;userId&quot;:&quot;f5fd168c-1ba9-53cd-94f6-dcbf65f88c32&quot;,&quot;subStatus&quot;:&quot;Annual Mega Fan&quot;,&quot;createdAt&quot;:&quot;2025-08-30T11:51:51+0000&quot;,&quot;phoneNumber&quot;:&quot;&quot;,&quot;pushNotificationOptOut&quot;:&quot;&quot;,&quot;externalUserId&quot;:&quot;1240260928&quot;,&quot;profileId&quot;:&quot;605b170f-b350-4fea-bca6-d440388b549e&quot;,&quot;email&quot;:&quot;mgayushduo2@gmail.com&quot;,&quot;username&quot;:&quot;&quot;}</string>
</map>
