<?xml version='1.0' encoding='utf-8' standalone='yes' ?>
<map>
    <string name="67452a79d911f900635d6f35">{&quot;start_time&quot;:1732586100,&quot;delay&quot;:0,&quot;trigger_condition&quot;:[{&quot;data&quot;:{&quot;campaign_id&quot;:&quot;67452b900630520064874caa&quot;},&quot;type&quot;:&quot;push_click&quot;}],&quot;data&quot;:{&quot;trigger_id&quot;:&quot;Njc0NTJhNzlkOTExZjkwMDYzNWQ2ZjM1XyRfbXY9Njc0NTJiODZkYmJhZjkwMDYzYmMwYzMzJnBpPWNtcA==&quot;,&quot;prefetch_file_urls&quot;:[&quot;https://braze-images.com/appboy/communication/assets/image_assets/images/673ca9a1f446b4006469a8b0/original.jpg?1732028833&quot;,&quot;https://appboy-images.com/appboy/communication/assets/code_assets/files/5f2d589683566823fc373ec4/original.js?1596807318&quot;],&quot;prefetch_zip_urls&quot;:[],&quot;prefetch_image_urls&quot;:[]},&quot;re_eligibility&quot;:-1,&quot;min_seconds_since_last_trigger&quot;:-1,&quot;prefetch&quot;:true,&quot;end_time&quot;:-1,&quot;id&quot;:&quot;67452a79d911f900635d6f35&quot;,&quot;priority&quot;:2000956000,&quot;type&quot;:&quot;templated_iam&quot;,&quot;timeout&quot;:-1}</string>
    <string name="6744ee0d141c380064cdc4ac">{&quot;start_time&quot;:1732565100,&quot;delay&quot;:0,&quot;trigger_condition&quot;:[{&quot;data&quot;:{&quot;campaign_id&quot;:&quot;6744ed686c95e10063faf42a&quot;},&quot;type&quot;:&quot;push_click&quot;}],&quot;data&quot;:{&quot;trigger_id&quot;:&quot;Njc0NGVlMGQxNDFjMzgwMDY0Y2RjNGFjXyRfbXY9Njc0NGVlMGQxNDFjMzgwMDY0Y2RjNDk1JnBpPWNtcA==&quot;,&quot;prefetch_file_urls&quot;:[&quot;https://braze-images.com/appboy/communication/assets/image_assets/images/673ca9a1f446b4006469a8b0/original.jpg?1732028833&quot;,&quot;https://appboy-images.com/appboy/communication/assets/code_assets/files/5f2d589683566823fc373ec4/original.js?1596807318&quot;],&quot;prefetch_zip_urls&quot;:[],&quot;prefetch_image_urls&quot;:[]},&quot;re_eligibility&quot;:-1,&quot;min_seconds_since_last_trigger&quot;:-1,&quot;prefetch&quot;:true,&quot;end_time&quot;:-1,&quot;id&quot;:&quot;6744ee0d141c380064cdc4ac&quot;,&quot;priority&quot;:2000935000,&quot;type&quot;:&quot;templated_iam&quot;,&quot;timeout&quot;:-1}</string>
    <string name="66fcaad1f5b4d10063662f20">{&quot;start_time&quot;:1727834700,&quot;delay&quot;:0,&quot;trigger_condition&quot;:[{&quot;data&quot;:{&quot;campaign_id&quot;:&quot;66fca2075209440064ef701a&quot;},&quot;type&quot;:&quot;push_click&quot;}],&quot;data&quot;:{&quot;trigger_id&quot;:&quot;NjZmY2FhZDFmNWI0ZDEwMDYzNjYyZjIwXyRfbXY9NjZmY2FhZDFmNWI0ZDEwMDYzNjYyZjIyJnBpPWNtcA==&quot;,&quot;prefetch_file_urls&quot;:[&quot;https://braze-images.com/appboy/communication/assets/image_assets/images/66f2cb286f1f2c0063981480/original.png?1727187752&quot;,&quot;https://braze-images.com/appboy/communication/assets/image_assets/images/66f2cb2894f1470064c7593a/original.png?1727187752&quot;,&quot;https://braze-images.com/appboy/communication/assets/image_assets/images/66f2cb286a4613006369b13d/original.png?1727187752&quot;,&quot;https://braze-images.com/appboy/communication/assets/image_assets/images/66f2cb28a64ce00063321a33/original.png?1727187752&quot;,&quot;https://braze-images.com/appboy/communication/assets/image_assets/images/66f2cb29b7d5df0063b92824/original.png?1727187752&quot;,&quot;https://appboy-images.com/appboy/communication/assets/code_assets/files/5f2d589683566823fc373ec4/original.js?1596807318&quot;,&quot;https://braze-images.com/appboy/communication/assets/image_assets/images/66f2034cb4659b0066e3c3af/original.png?1727136588&quot;],&quot;prefetch_zip_urls&quot;:[],&quot;prefetch_image_urls&quot;:[]},&quot;re_eligibility&quot;:60,&quot;min_seconds_since_last_trigger&quot;:-1,&quot;prefetch&quot;:true,&quot;end_time&quot;:-1,&quot;id&quot;:&quot;66fcaad1f5b4d10063662f20&quot;,&quot;priority&quot;:2000726000,&quot;type&quot;:&quot;templated_iam&quot;,&quot;timeout&quot;:-1}</string>
    <string name="65e78733928615004bc1f7d1">{&quot;start_time&quot;:1709671800,&quot;delay&quot;:0,&quot;trigger_condition&quot;:[{&quot;data&quot;:{&quot;campaign_id&quot;:&quot;65e89927b1dc14004bb4f5a8&quot;},&quot;type&quot;:&quot;push_click&quot;}],&quot;data&quot;:{&quot;trigger_id&quot;:&quot;NjVlNzg3MzM5Mjg2MTUwMDRiYzFmN2QxXyRfbXY9NjVlNzg3MzM5Mjg2MTUwMDRiYzFmN2Q4JnBpPWNtcA==&quot;,&quot;prefetch_file_urls&quot;:[&quot;https://braze-images.com/appboy/communication/assets/font_assets/files/63ee4dd3d6ec073fd90b49aa/original.otf?1676561875&quot;,&quot;https://braze-images.com/appboy/communication/assets/font_assets/files/63ee4dd37d34955b8c81124d/original.otf?1676561875&quot;,&quot;https://braze-images.com/appboy/communication/assets/font_assets/files/63ee4dd3f0e6405eef7e2821/original.otf?1676561875&quot;,&quot;https://braze-images.com/appboy/communication/assets/image_assets/images/670dccc5001a6200635080ab/original.png?1728957636&quot;,&quot;https://appboy-images.com/appboy/communication/assets/code_assets/files/5f2d589683566823fc373ec4/original.js?1596807318&quot;],&quot;prefetch_zip_urls&quot;:[],&quot;prefetch_image_urls&quot;:[]},&quot;re_eligibility&quot;:60,&quot;min_seconds_since_last_trigger&quot;:-1,&quot;prefetch&quot;:true,&quot;end_time&quot;:-1,&quot;id&quot;:&quot;65e78733928615004bc1f7d1&quot;,&quot;priority&quot;:2000552000,&quot;type&quot;:&quot;templated_iam&quot;,&quot;timeout&quot;:-1}</string>
    <string name="6744ec2fac66ff00669587d5">{&quot;start_time&quot;:1732569900,&quot;delay&quot;:0,&quot;trigger_condition&quot;:[{&quot;data&quot;:{&quot;campaign_id&quot;:&quot;6744ea68ff76e8006347c16c&quot;},&quot;type&quot;:&quot;push_click&quot;}],&quot;data&quot;:{&quot;trigger_id&quot;:&quot;Njc0NGVjMmZhYzY2ZmYwMDY2OTU4N2Q1XyRfbXY9Njc0NGVjMmZhYzY2ZmYwMDY2OTU4N2Q3JnBpPWNtcA==&quot;,&quot;prefetch_file_urls&quot;:[&quot;https://braze-images.com/appboy/communication/assets/font_assets/files/64cbee2c488ff3775b87684e/original.ttf?1691086380&quot;,&quot;https://braze-images.com/appboy/communication/assets/font_assets/files/64cbee2cde793d772abe1d96/original.ttf?1691086380&quot;,&quot;https://braze-images.com/appboy/communication/assets/image_assets/images/6722cdf4969d1d0063bca041/original.png?1730334196&quot;],&quot;prefetch_zip_urls&quot;:[],&quot;prefetch_image_urls&quot;:[]},&quot;re_eligibility&quot;:-1,&quot;min_seconds_since_last_trigger&quot;:-1,&quot;prefetch&quot;:true,&quot;end_time&quot;:-1,&quot;id&quot;:&quot;6744ec2fac66ff00669587d5&quot;,&quot;priority&quot;:2000940000,&quot;type&quot;:&quot;templated_iam&quot;,&quot;timeout&quot;:-1}</string>
    <string name="66db245dc8a73e0063bd337a">{&quot;start_time&quot;:1725637500,&quot;delay&quot;:0,&quot;trigger_condition&quot;:[{&quot;data&quot;:{&quot;campaign_id&quot;:&quot;66e0c5142be1c100635b8f4a&quot;},&quot;type&quot;:&quot;push_click&quot;}],&quot;data&quot;:{&quot;trigger_id&quot;:&quot;NjZkYjI0NWRjOGE3M2UwMDYzYmQzMzdhXyRfbXY9NjZkYjI0NWRjOGE3M2UwMDYzYmQzMzdjJnBpPWNtcA==&quot;,&quot;prefetch_file_urls&quot;:[&quot;https://braze-images.com/appboy/communication/assets/font_assets/files/63ee4dd3d6ec073fd90b49aa/original.otf?1676561875&quot;,&quot;https://braze-images.com/appboy/communication/assets/font_assets/files/63ee4dd37d34955b8c81124d/original.otf?1676561875&quot;,&quot;https://braze-images.com/appboy/communication/assets/font_assets/files/63ee4dd3f0e6405eef7e2821/original.otf?1676561875&quot;,&quot;https://braze-images.com/appboy/communication/assets/image_assets/images/66db536143f7830063604816/original.png?1725649761&quot;,&quot;https://appboy-images.com/appboy/communication/assets/code_assets/files/5f2d589683566823fc373ec4/original.js?1596807318&quot;],&quot;prefetch_zip_urls&quot;:[],&quot;prefetch_image_urls&quot;:[]},&quot;re_eligibility&quot;:60,&quot;min_seconds_since_last_trigger&quot;:-1,&quot;prefetch&quot;:true,&quot;end_time&quot;:-1,&quot;id&quot;:&quot;66db245dc8a73e0063bd337a&quot;,&quot;priority&quot;:2000715000,&quot;type&quot;:&quot;templated_iam&quot;,&quot;timeout&quot;:-1}</string>
    <string name="66fd726507d2030063ec4881">{&quot;start_time&quot;:1727834700,&quot;delay&quot;:0,&quot;trigger_condition&quot;:[{&quot;data&quot;:{&quot;campaign_id&quot;:&quot;66fca8c57dc6b50063a46e72&quot;},&quot;type&quot;:&quot;push_click&quot;}],&quot;data&quot;:{&quot;trigger_id&quot;:&quot;NjZmZDcyNjUwN2QyMDMwMDYzZWM0ODgxXyRfbXY9NjZmZDcyNjUwN2QyMDMwMDYzZWM0ODZlJnBpPWNtcA==&quot;,&quot;prefetch_file_urls&quot;:[&quot;https://braze-images.com/appboy/communication/assets/image_assets/images/66f71df29baf770065abf2cd/original.png?1727471089&quot;,&quot;https://appboy-images.com/appboy/communication/assets/code_assets/files/5f2d589683566823fc373ec4/original.js?1596807318&quot;],&quot;prefetch_zip_urls&quot;:[],&quot;prefetch_image_urls&quot;:[]},&quot;re_eligibility&quot;:60,&quot;min_seconds_since_last_trigger&quot;:-1,&quot;prefetch&quot;:true,&quot;end_time&quot;:-1,&quot;id&quot;:&quot;66fd726507d2030063ec4881&quot;,&quot;priority&quot;:2000736000,&quot;type&quot;:&quot;templated_iam&quot;,&quot;timeout&quot;:-1}</string>
    <string name="65e899b351228d004bc7e2a5">{&quot;start_time&quot;:1709742300,&quot;delay&quot;:0,&quot;trigger_condition&quot;:[{&quot;data&quot;:{&quot;campaign_id&quot;:&quot;65e8a5d6b71620004ec07e60&quot;},&quot;type&quot;:&quot;push_click&quot;}],&quot;data&quot;:{&quot;trigger_id&quot;:&quot;NjVlODk5YjM1MTIyOGQwMDRiYzdlMmE1XyRfbXY9NjVlODk5YjM1MTIyOGQwMDRiYzdlMmFjJnBpPWNtcA==&quot;,&quot;prefetch_file_urls&quot;:[&quot;https://braze-images.com/appboy/communication/assets/font_assets/files/63ee4dd3d6ec073fd90b49aa/original.otf?1676561875&quot;,&quot;https://braze-images.com/appboy/communication/assets/font_assets/files/63ee4dd37d34955b8c81124d/original.otf?1676561875&quot;,&quot;https://braze-images.com/appboy/communication/assets/font_assets/files/63ee4dd3f0e6405eef7e2821/original.otf?1676561875&quot;,&quot;https://braze-images.com/appboy/communication/assets/image_assets/images/670eab42d643bd0065f0629f/original.png?1729014593&quot;,&quot;https://appboy-images.com/appboy/communication/assets/code_assets/files/5f2d589683566823fc373ec4/original.js?1596807318&quot;],&quot;prefetch_zip_urls&quot;:[],&quot;prefetch_image_urls&quot;:[]},&quot;re_eligibility&quot;:60,&quot;min_seconds_since_last_trigger&quot;:-1,&quot;prefetch&quot;:true,&quot;end_time&quot;:-1,&quot;id&quot;:&quot;65e899b351228d004bc7e2a5&quot;,&quot;priority&quot;:2000557000,&quot;type&quot;:&quot;templated_iam&quot;,&quot;timeout&quot;:-1}</string>
    <string name="6744d679026d080063bfc9cc">{&quot;start_time&quot;:1732564500,&quot;delay&quot;:0,&quot;trigger_condition&quot;:[{&quot;data&quot;:{&quot;campaign_id&quot;:&quot;6744d4dadb9fa10063ec4e3d&quot;},&quot;type&quot;:&quot;push_click&quot;}],&quot;data&quot;:{&quot;trigger_id&quot;:&quot;Njc0NGQ2NzkwMjZkMDgwMDYzYmZjOWNjXyRfbXY9Njc0NGQ2NzkwMjZkMDgwMDYzYmZjOWNlJnBpPWNtcA==&quot;,&quot;prefetch_file_urls&quot;:[&quot;https://braze-images.com/appboy/communication/assets/font_assets/files/64cbee2c488ff3775b87684e/original.ttf?1691086380&quot;,&quot;https://braze-images.com/appboy/communication/assets/font_assets/files/64cbee2cde793d772abe1d96/original.ttf?1691086380&quot;,&quot;https://braze-images.com/appboy/communication/assets/image_assets/images/6722a6e37e82e800648885dc/original.png?1730324194&quot;],&quot;prefetch_zip_urls&quot;:[],&quot;prefetch_image_urls&quot;:[]},&quot;re_eligibility&quot;:-1,&quot;min_seconds_since_last_trigger&quot;:-1,&quot;prefetch&quot;:true,&quot;end_time&quot;:-1,&quot;id&quot;:&quot;6744d679026d080063bfc9cc&quot;,&quot;priority&quot;:2000924000,&quot;type&quot;:&quot;templated_iam&quot;,&quot;timeout&quot;:-1}</string>
    <string name="67351679f84a46006487b4a0">{&quot;start_time&quot;:1731478800,&quot;delay&quot;:0,&quot;trigger_condition&quot;:[{&quot;data&quot;:{&quot;campaign_id&quot;:&quot;6734e8ab5a99a3006327f964&quot;},&quot;type&quot;:&quot;push_click&quot;}],&quot;data&quot;:{&quot;trigger_id&quot;:&quot;NjczNTE2NzlmODRhNDYwMDY0ODdiNGEwXyRfbXY9NjczNTE2NzlmODRhNDYwMDY0ODdiNDlkJnBpPWNtcA==&quot;,&quot;prefetch_file_urls&quot;:[&quot;https://braze-images.com/appboy/communication/assets/font_assets/files/66b944a556e9e30063fbb863/original.woff2?1723417765&quot;,&quot;https://braze-images.com/appboy/communication/assets/font_assets/files/66b944a06355830063e4b562/original.woff2?1723417760&quot;,&quot;https://braze-images.com/appboy/communication/assets/font_assets/files/64cbee2c1b69b837be76a266/original.ttf?1691086380&quot;,&quot;https://braze-images.com/appboy/communication/assets/font_assets/files/64cbee2c488ff3775b87684e/original.ttf?1691086380&quot;,&quot;https://braze-images.com/appboy/communication/assets/font_assets/files/64cbee2cccaa45223717796c/original.ttf?1691086380&quot;,&quot;https://braze-images.com/appboy/communication/assets/font_assets/files/64cbee2cde793d772abe1d96/original.ttf?1691086380&quot;,&quot;https://braze-images.com/appboy/communication/assets/image_assets/images/6722ace434093b0063076831/original.jpg?1730325732&quot;],&quot;prefetch_zip_urls&quot;:[],&quot;prefetch_image_urls&quot;:[]},&quot;re_eligibility&quot;:60,&quot;min_seconds_since_last_trigger&quot;:-1,&quot;prefetch&quot;:true,&quot;end_time&quot;:-1,&quot;id&quot;:&quot;67351679f84a46006487b4a0&quot;,&quot;priority&quot;:2000875000,&quot;type&quot;:&quot;templated_iam&quot;,&quot;timeout&quot;:-1}</string>
    <string name="6744c55f483df30063197da9">{&quot;start_time&quot;:1732560000,&quot;delay&quot;:0,&quot;trigger_condition&quot;:[{&quot;data&quot;:{&quot;campaign_id&quot;:&quot;6740a6ff0b30760063541c4a&quot;},&quot;type&quot;:&quot;push_click&quot;}],&quot;data&quot;:{&quot;trigger_id&quot;:&quot;Njc0NGM1NWY0ODNkZjMwMDYzMTk3ZGE5XyRfbXY9Njc0NGM1NWY0ODNkZjMwMDYzMTk3ZGFiJnBpPWNtcA==&quot;,&quot;prefetch_file_urls&quot;:[&quot;https://braze-images.com/appboy/communication/assets/font_assets/files/64cbee2c488ff3775b87684e/original.ttf?1691086380&quot;,&quot;https://braze-images.com/appboy/communication/assets/font_assets/files/64cbee2cde793d772abe1d96/original.ttf?1691086380&quot;,&quot;https://braze-images.com/appboy/communication/assets/image_assets/images/6722366fd7da0f0064dca405/original.png?1730295407&quot;],&quot;prefetch_zip_urls&quot;:[],&quot;prefetch_image_urls&quot;:[]},&quot;re_eligibility&quot;:-1,&quot;min_seconds_since_last_trigger&quot;:-1,&quot;prefetch&quot;:true,&quot;end_time&quot;:-1,&quot;id&quot;:&quot;6744c55f483df30063197da9&quot;,&quot;priority&quot;:2000916000,&quot;type&quot;:&quot;templated_iam&quot;,&quot;timeout&quot;:-1}</string>
    <string name="66ff1c1cd7459a00650931d7">{&quot;start_time&quot;:1727834700,&quot;delay&quot;:0,&quot;trigger_condition&quot;:[{&quot;data&quot;:{&quot;campaign_id&quot;:&quot;66fca51be91ad4006388f010&quot;},&quot;type&quot;:&quot;push_click&quot;}],&quot;data&quot;:{&quot;trigger_id&quot;:&quot;NjZmZjFjMWNkNzQ1OWEwMDY1MDkzMWQ3XyRfbXY9NjZmZjFjMWNkNzQ1OWEwMDY1MDkzMWM0JnBpPWNtcA==&quot;,&quot;prefetch_file_urls&quot;:[&quot;https://braze-images.com/appboy/communication/assets/font_assets/files/64cbee2c488ff3775b87684e/original.ttf?1691086380&quot;,&quot;https://braze-images.com/appboy/communication/assets/font_assets/files/64cbee2cde793d772abe1d96/original.ttf?1691086380&quot;,&quot;https://braze-images.com/appboy/communication/assets/image_assets/images/66f449cb0d356600667c3221/original.png?1727285706&quot;,&quot;https://braze-images.com/appboy/communication/assets/image_assets/images/66f443c29de43c0063c25de2/original.png?1727284161&quot;],&quot;prefetch_zip_urls&quot;:[],&quot;prefetch_image_urls&quot;:[]},&quot;re_eligibility&quot;:60,&quot;min_seconds_since_last_trigger&quot;:-1,&quot;prefetch&quot;:true,&quot;end_time&quot;:-1,&quot;id&quot;:&quot;66ff1c1cd7459a00650931d7&quot;,&quot;priority&quot;:2000810000,&quot;type&quot;:&quot;templated_iam&quot;,&quot;timeout&quot;:-1}</string>
    <string name="674530338119200064e1d74b">{&quot;start_time&quot;:1732586100,&quot;delay&quot;:0,&quot;trigger_condition&quot;:[{&quot;data&quot;:{&quot;campaign_id&quot;:&quot;674530218f92d000649fce83&quot;},&quot;type&quot;:&quot;push_click&quot;}],&quot;data&quot;:{&quot;trigger_id&quot;:&quot;Njc0NTMwMzM4MTE5MjAwMDY0ZTFkNzRiXyRfbXY9Njc0NTMwMzM4MTE5MjAwMDY0ZTFkNzQ4JnBpPWNtcA==&quot;,&quot;prefetch_file_urls&quot;:[&quot;https://braze-images.com/appboy/communication/assets/image_assets/images/673ca9a1f446b4006469a8b0/original.jpg?1732028833&quot;,&quot;https://appboy-images.com/appboy/communication/assets/code_assets/files/5f2d589683566823fc373ec4/original.js?1596807318&quot;],&quot;prefetch_zip_urls&quot;:[],&quot;prefetch_image_urls&quot;:[]},&quot;re_eligibility&quot;:-1,&quot;min_seconds_since_last_trigger&quot;:-1,&quot;prefetch&quot;:true,&quot;end_time&quot;:-1,&quot;id&quot;:&quot;674530338119200064e1d74b&quot;,&quot;priority&quot;:2000959000,&quot;type&quot;:&quot;templated_iam&quot;,&quot;timeout&quot;:-1}</string>
    <string name="672a1e88cbe42600708511f0">{&quot;start_time&quot;:1730813400,&quot;delay&quot;:0,&quot;trigger_condition&quot;:[{&quot;data&quot;:{&quot;campaign_id&quot;:&quot;672a1f82d82b6c00633513f6&quot;},&quot;type&quot;:&quot;push_click&quot;}],&quot;data&quot;:{&quot;asset_urls&quot;:[&quot;https://braze-images.com/appboy/communication/assets/font_assets/files/66b944a556e9e30063fbb863/original.woff2?1723417765&quot;,&quot;https://braze-images.com/appboy/communication/assets/font_assets/files/680bc887a5bf8f0062be92ec/original.ttf?1745602694&quot;,&quot;https://braze-images.com/appboy/communication/assets/font_assets/files/66b944a06355830063e4b562/original.woff2?1723417760&quot;,&quot;https://braze-images.com/appboy/communication/assets/font_assets/files/680bc88612436500617341c5/original.ttf?1745602694&quot;,&quot;https://braze-images.com/appboy/communication/assets/image_assets/images/686c02e48863a30065dfb3e8/original.PNG?1751909091&quot;,&quot;https://braze-images.com/appboy/communication/assets/image_assets/images/6866e40ee0408d006541bc22/original.PNG?1751573518&quot;,&quot;https://braze-images.com/appboy/communication/assets/image_assets/images/686bfae278100400646ecc7f/original.PNG?1751907041&quot;,&quot;https://braze-images.com/appboy/communication/assets/image_assets/images/68c451605458dc00643d1df8/original.png?1757696351&quot;,&quot;https://braze-images.com/appboy/communication/assets/image_assets/images/68c452b55028080064de67ab/original.png?1757696692&quot;,&quot;https://braze-images.com/appboy/communication/assets/image_assets/images/67f6a0ee69343e0064741bf7/original.PNG?1744216301&quot;,&quot;https://braze-images.com/appboy/communication/assets/image_assets/images/68c45437478d7000657140e8/original.png?1757697079&quot;,&quot;https://braze-images.com/appboy/communication/assets/image_assets/images/686555088a5036006574e005/original.PNG?1751471367&quot;,&quot;https://braze-images.com/appboy/communication/assets/image_assets/images/689f816999268800644cf9b5/original.PNG?1755283816&quot;,&quot;https://braze-images.com/appboy/communication/assets/image_assets/images/68c45561a8a4050064bcfc10/original.png?1757697376&quot;,&quot;https://braze-images.com/appboy/communication/assets/image_assets/images/68c4556125f92f007fa1b1a1/original.png?1757697376&quot;],&quot;is_test_send&quot;:false,&quot;trusted&quot;:false,&quot;trigger_id&quot;:&quot;NjcyYTFlODhjYmU0MjYwMDcwODUxMWYwXyRfbXY9NjcyYTFlODhjYmU0MjYwMDcwODUxMWYyJnBpPWNtcA==&quot;,&quot;message_close&quot;:&quot;SWIPE&quot;,&quot;message&quot;:&quot;&lt;!doctype html&gt;\n&lt;html lang=\&quot;en\&quot;&gt;\n&lt;head&gt;\n    &lt;meta http-equiv=\&quot;Cache-Control\&quot; content=\&quot;no-cache, no-store, must-revalidate\&quot;&gt;\n    &lt;meta http-equiv=\&quot;Pragma\&quot; no-cache&gt;\n    &lt;meta http-equiv=\&quot;Expires\&quot; content=\&quot;0\&quot;&gt;\n    &lt;meta charset=\&quot;UTF-8\&quot; /&gt;\n    &lt;meta name=\&quot;viewport\&quot; content=\&quot;width=device-width, user-scalable=no, initial-scale=1.0, maximum-scale=1.0, minimum-scale=1.0\&quot; /&gt;\n    &lt;meta http-equiv=\&quot;X-UA-Compatible\&quot; content=\&quot;ie=edge\&quot; /&gt;\n    &lt;title&gt;Email Signup&lt;\/title&gt;\n    &lt;link rel=\&quot;preconnect\&quot; href=\&quot;https://fonts.googleapis.com\&quot;&gt;\n    &lt;link rel=\&quot;preconnect\&quot; href=\&quot;https://fonts.gstatic.com\&quot; crossorigin&gt;\n    &lt;link href=\&quot;https://fonts.googleapis.com/css2?family=DM+Sans:ital,opsz,wght@0,9..40,100..1000;1,9..40,100..1000&amp;display=swap\&quot; rel=\&quot;stylesheet\&quot;&gt;    \n        &lt;style&gt;\n            /* fonts */\n    @font-face {\n        font-family: 'CrunchyrollAtyp-Regular';\n        src: url(https://braze-images.com/appboy/communication/assets/font_assets/files/66b944a556e9e30063fbb863/original.woff2?1723417765) format('woff2'),\n             url(https://braze-images.com/appboy/communication/assets/font_assets/files/680bc887a5bf8f0062be92ec/original.ttf?1745602694) format('truetype');\n        font-weight: 400;\n        font-style: normal;\n        font-display: swap;\n    }\n\n    @font-face {\n        font-family: 'CrunchyrollAtyp-Bold';\n        src: url(https://braze-images.com/appboy/communication/assets/font_assets/files/66b944a06355830063e4b562/original.woff2?1723417760) format('woff2'),\n             url(https://braze-images.com/appboy/communication/assets/font_assets/files/680bc88612436500617341c5/original.ttf?1745602694) format('truetype');\n        font-weight: 700;\n        font-style: normal;\n        font-display: swap;\n    }\n\n        :root {\n            --accent-color: #FF640A;\n            --header-font-stack: 'CrunchyrollAtyp-Bold', Arial, Helvetica, sans-serif;\n            --body-font-stack: \&quot;DM Sans\&quot;, Arial, Helvetica, sans-serif;\n        }\n    *, *::before, *::after { box-sizing: border-box; }\n\n    body, h1, h2, h3, h4, p, ul, ol, li, figure, figcaption, blockquote, dl, dd { margin: 0; }\n    ul, ol { padding: 0; list-style: none; }\n    body { min-height: 100vh; scroll-behavior: smooth; text-rendering: optimizeSpeed; line-height: 1.5; -webkit-font-smoothing: antialiased; -moz-osx-font-smoothing: grayscale; }\n    img { max-width: 100%; display: block; }\n    input, button, a, textarea, select { font: inherit; }\n    button, a { border: none; background-color: transparent; text-decoration: none; }\n    #error { margin-top: 2px; font-size: 14px; color: #ff7c7c; visibility: hidden; }\n    /*change this background-color: rgba(0, 0, 0, 0.7); to background-color: rgba(255, 255, 255, 0.2); for white bg color*/\n    .overlay { display: flex; position: fixed; top: 0; left: 0; height: 100vh; width: 100vw; background-color: rgba(0, 0, 0, 0.2); z-index: 99999; overflow-y: auto; justify-content: center; }\n    .modal { display: flex; max-width: 900px; flex-basis: 900px; margin: auto; }\n    .modal__content { display: flex; flex-direction: column; position: relative; max-width: 450px; flex-basis: 450px; padding: 80px 96px 56px; background-color: rgb(0, 0, 0); font-family: var(--body-font-stack); background-color: #000000; border-radius: 14px; }\n    .modal__cross { position: absolute; top: 8px; right: 20px; height: 34px; width: 34px; cursor: pointer; z-index: 1000; }\n    .modal__title { width: 100%; margin-bottom: 8px; font-size: 32px; line-height: 1.1; color: #ffffff; font-family: var(--header-font-stack); text-align: center; }\n    .genre-title {font-family: var(--header-font-stack);font-size: 24px;line-height: 1.1;color: #ffffff;margin: 32px 0 16px;text-align: center;}\n    .modal__text { font-family: var(--body-font-stack); font-size: 14px; color: #ffffff; line-height: 1.2; margin-bottom: 8px; text-align: center; }\n    .modal__survey-list { margin-bottom: 10px; display: flex; flex-wrap: wrap; justify-content: space-between; }\n    .modal__survey-column { width: 100%; }\n    .modal__survey-list-item { position: relative; display: flex; align-items: center; cursor: pointer; width: 100%; margin-bottom: 8px; }\n    .modal__input { opacity: 0; position: absolute; top: 0; left: 0; height: 0; width: 0; }\n    .modal__input:checked + .modal__label:before { border: 2px solid var(--accent-color); }\n    .modal__input:checked + .modal__label + .modal__tick { display: block; }\n    .modal__label { display: flex; align-items: center; width: 100%; padding: 8px; font-family: var(--body-font-stack); font-size: 17px; font-weight: 600; line-height: 24px; cursor: pointer; user-select: none; color: #ffffff; }\n    .modal__label:before { content: \&quot;\&quot;; display: block; height: 20px; width: 20px; border: 2px solid #ffffff; border-radius: 0px; margin-right: 16px; }\n    .modal__tick { display: none; position: absolute; top: 50%; transform: translateY(-50%); left: 12px; width: 13px; height: 10px; pointer-events: none; }\n    .modal__button-wrap { margin-left: auto; margin-right: auto; display: flex; width: 100%; justify-content: center; margin: 0 0 24px 0; }\n    .modal__btn { font-family: var(--body-font-stack); font-weight: 600; color: inherit; align-items: center; display: flex; justify-content: center; text-align: center; cursor: pointer; border-radius: 24px; text-transform: uppercase; width: 48%; margin: 16px 8px; }\n    .modal__btn--main {padding: 10px 16px;background-color: #FF640A; color: #000000; border: 2px solid #FF640A; font-size: 16px;text-align: center;cursor: pointer;border-radius: 24px;text-transform: uppercase;display: flex;align-items: center;justify-content: center;margin: 16px auto; width: 48%;}        \n    .modal__btn--secondary {padding: 10px 16px;background-color: #000000; color: #FF640A; border: 2px solid #FF640A; font-size: 16px;text-align: center;cursor: pointer;border-radius: 24px;text-transform: uppercase;display: flex;align-items: center;justify-content: center;margin: 16px auto; width: 48%;}        \n    /*.modal__btn--secondary { padding: 8px 16px; border: 2px solid #FF640A; color: #FF640A; font-size: 16px; background-color: #000000; }*/\n    #thankyou { display: none; }\n    .show-list { display: flex; flex-direction: column; gap: 16px; }\n    .show-item {display: flex;align-items: center;gap: 16px;background: rgba(255, 255, 255, 0.1);border-radius: 4px;padding: 8px;}\n    .show-thumbnail { width: 308px; height: auto; position: relative; border-radius: 4px; overflow: hidden; }\n    .show-thumbnail img { width: 100%; height: 100%; object-fit: cover; }\n    .show-info { flex: 1; }\n    .show-title { color: #ffffff; font-size: 14px; line-height: 1.2; font-weight: normal;margin-top: 8px; }\n\n    @media (max-width: 900px) {\n        .overlay { align-items: flex-start; padding: 48px 0; }\n        .modal { height: auto; width: 100%; max-width: 340px; margin: 0 auto; position: relative; overflow-y: auto; -webkit-overflow-scrolling: touch; }\n        .modal__content { width: 100%; max-width: 340px; padding: 64px 16px 16px; background-color: #000000; }\n        .modal__content--thankyou {height: 620px; /* Fixed height for mobile */background-color: #000000;display: flex;flex-direction: column;padding: 32px 16px;overflow-y: scroll; /* Add scrollbar */scrollbar-width: thin; /* For Firefox */scrollbar-color: rgba(255, 255, 255, 0.5) rgba(0, 0, 0, 0.1); /* For Firefox */}\n        /* Webkit scrollbar styles (Chrome, Safari, Edge) */\n        .modal__content--thankyou::-webkit-scrollbar { width: 6px;}\n        .modal__content--thankyou::-webkit-scrollbar-track {background: rgba(0, 0, 0, 0.1);border-radius: 3px;}\n        .modal__content--thankyou::-webkit-scrollbar-thumb {background-color: rgba(255, 255, 255, 0.5);border-radius: 3px;}\n        .modal__cross { top: 8px; right: 12px; height: 38px; width: 38px; }\n        .modal__title { font-size: 24px; line-height: 26px margin-bottom: 8px; }\n        .modal__button-wrap { flex-direction: column; align-items: stretch; }\n        .modal__btn { width: 96%; margin-bottom: 10px; }\n        .modal__btn:last-child { margin-top: 16px; margin-bottom: 0; }\n        .content-grid-3 {display: flex;flex-direction: column;gap: 24px; }\n        .content-card {position: relative;width: 100%;aspect-ratio: 16/9;border-radius: 8px;}\n        .content-card img {width: 100%;height: 100%;object-fit: cover;}\n        /* Remove any background from the content cards */\n        .show-item {background: none;padding: 0;}\n    }\n    @media (min-width: 901px) {\n        .modal__content--thankyou {height: 789px; /* Fixed height for desktop */background-color: #000000;display: flex;flex-direction: column;padding: 48px 20px;border-radius: 10px;overflow-y: scroll; /* Add scrollbar */scrollbar-width: thin; /* For Firefox */ scrollbar-color: rgba(255, 255, 255, 0.5) rgba(0, 0, 0, 0.1); /* For Firefox */}\n        /* Webkit scrollbar styles (Chrome, Safari, Edge) */\n        .modal__content--thankyou::-webkit-scrollbar {width: 6px;}\n        .modal__content--thankyou::-webkit-scrollbar-track { background: rgba(0, 0, 0, 0.1);border-radius: 3px;}\n        .modal__content--thankyou::-webkit-scrollbar-thumb {background-color: rgba(255, 255, 255, 0.5);border-radius: 3px;}               \n        .modal { max-width: 700px; flex-basis: 700px; height: 789px; }\n        .modal__content { max-width: 700px; flex-basis: 700px; height: 789px; }\n        .modal__survey-column { width: 48%; }\n        .modal__btn { width: 48%; margin-bottom: 10px; }\n        .show-thumbnail { width: 150px; height:auto; position: relative; border-radius: 4px; overflow: hidden; }\n        .show-thumbnail img { width: 100%; height: 100%; object-fit: cover; }\n        .content-grid-3 {display: grid;grid-template-columns: repeat(3, 1fr);gap: 10px; margin-top: 20px; }\n        .content-card {position: relative;overflow: hidden;/*border-radius: 8px;*/}\n        .content-card img { width: 100%;height: auto;transition: transform 0.3s ease;} \n        .show-title { color: #ffffff; font-size: 14px; line-height: 1.2; font-weight: normal;margin-top: 8px;margin-bottom: 8px; }  \n    }\n    &lt;\/style&gt;\n&lt;\/head&gt;\n&lt;body&gt;\n    &lt;div class=\&quot;overlay\&quot;&gt;\n        &lt;div class=\&quot;modal\&quot;&gt;\n            &lt;div class=\&quot;modal__content\&quot; id=\&quot;form\&quot;&gt;\n                &lt;button data-button-id=\&quot;close\&quot; class=\&quot;modal__cross\&quot;&gt;\n                    &lt;svg width=\&quot;34\&quot; height=\&quot;34\&quot; viewBox=\&quot;0 0 34 34\&quot; fill=\&quot;none\&quot; xmlns=\&quot;http://www.w3.org/2000/svg\&quot;&gt;\n                        &lt;path fill-rule=\&quot;evenodd\&quot; clip-rule=\&quot;evenodd\&quot; d=\&quot;M14.4175 16.8419L8.51467 10.9391C7.8452 10.2696 7.8452 9.18422 8.51467 8.51475C9.18414 7.84528 10.2696 7.84528 10.939 8.51475L16.8418 14.4176L22.7446 8.51475C23.4141 7.84528 24.4995 7.84528 25.169 8.51475C25.8385 9.18422 25.8385 10.2696 25.169 10.9391L19.2662 16.8419L25.169 22.7447C25.8385 23.4142 25.8385 24.4996 25.169 25.1691C24.4995 25.8386 23.4141 25.8386 22.7446 25.1691L16.8418 19.2663L10.939 25.1691C10.2696 25.8386 9.18414 25.8386 8.51467 25.1691C7.8452 24.4996 7.8452 23.4142 8.51467 22.7447L14.4175 16.8419Z\&quot; fill=\&quot;#ffffff\&quot; /&gt;\n                    &lt;\/svg&gt;\n                &lt;\/button&gt;\n                &lt;h1 class=\&quot;modal__title\&quot;&gt;Let's find you a new show&lt;\/h1&gt;\n                &lt;p class=\&quot;modal__text\&quot;&gt;Tell us the genres you love and we'll work our recommendation magic.&lt;\/p&gt;\n                &lt;div class=\&quot;modal__error-message\&quot; id=\&quot;error\&quot;&gt;placeholder&lt;\/div&gt;\n                &lt;div class=\&quot;modal__survey-list\&quot;&gt;\n                    &lt;div class=\&quot;modal__survey-column\&quot;&gt;\n                        &lt;hr&gt;&lt;div class=\&quot;modal__survey-list-item\&quot;&gt;&lt;input class=\&quot;modal__input\&quot; id=\&quot;action\&quot; type=\&quot;checkbox\&quot; value=\&quot;Action\&quot; /&gt;&lt;label class=\&quot;modal__label\&quot; for=\&quot;action\&quot;&gt;Action&lt;\/label&gt;&lt;svg class=\&quot;modal__tick\&quot; width=\&quot;14\&quot; height=\&quot;10\&quot; viewBox=\&quot;0 0 14 10\&quot; fill=\&quot;none\&quot; xmlns=\&quot;http://www.w3.org/2000/svg\&quot;&gt;&lt;path d=\&quot;M1 4.22412L5.1709 8.41309L12.4143 1\&quot; stroke=\&quot;#FF640A\&quot; stroke-width=\&quot;2\&quot; /&gt;&lt;\/svg&gt;&lt;\/div&gt;\n                        &lt;hr&gt;&lt;div class=\&quot;modal__survey-list-item\&quot;&gt;&lt;input class=\&quot;modal__input\&quot; id=\&quot;adventure\&quot; type=\&quot;checkbox\&quot; value=\&quot;Adventure\&quot; /&gt;&lt;label class=\&quot;modal__label\&quot; for=\&quot;adventure\&quot;&gt;Adventure&lt;\/label&gt;&lt;svg class=\&quot;modal__tick\&quot; width=\&quot;14\&quot; height=\&quot;10\&quot; viewBox=\&quot;0 0 14 10\&quot; fill=\&quot;none\&quot; xmlns=\&quot;http://www.w3.org/2000/svg\&quot;&gt;&lt;path d=\&quot;M1 4.22412L5.1709 8.41309L12.4143 1\&quot; stroke=\&quot;#FF640A\&quot; stroke-width=\&quot;2\&quot; /&gt;&lt;\/svg&gt;&lt;\/div&gt;\n                        &lt;hr&gt;&lt;div class=\&quot;modal__survey-list-item\&quot;&gt;&lt;input class=\&quot;modal__input\&quot; id=\&quot;comedy\&quot; type=\&quot;checkbox\&quot; value=\&quot;Comedy\&quot; /&gt;&lt;label class=\&quot;modal__label\&quot; for=\&quot;comedy\&quot;&gt;Comedy&lt;\/label&gt;&lt;svg class=\&quot;modal__tick\&quot; width=\&quot;14\&quot; height=\&quot;10\&quot; viewBox=\&quot;0 0 14 10\&quot; fill=\&quot;none\&quot; xmlns=\&quot;http://www.w3.org/2000/svg\&quot;&gt;&lt;path d=\&quot;M1 4.22412L5.1709 8.41309L12.4143 1\&quot; stroke=\&quot;#FF640A\&quot; stroke-width=\&quot;2\&quot; /&gt;&lt;\/svg&gt;&lt;\/div&gt;\n                        &lt;hr&gt;&lt;div class=\&quot;modal__survey-list-item\&quot;&gt;&lt;input class=\&quot;modal__input\&quot; id=\&quot;drama\&quot; type=\&quot;checkbox\&quot; value=\&quot;Drama\&quot; /&gt;&lt;label class=\&quot;modal__label\&quot; for=\&quot;drama\&quot;&gt;Drama&lt;\/label&gt;&lt;svg class=\&quot;modal__tick\&quot; width=\&quot;14\&quot; height=\&quot;10\&quot; viewBox=\&quot;0 0 14 10\&quot; fill=\&quot;none\&quot; xmlns=\&quot;http://www.w3.org/2000/svg\&quot;&gt;&lt;path d=\&quot;M1 4.22412L5.1709 8.41309L12.4143 1\&quot; stroke=\&quot;#FF640A\&quot; stroke-width=\&quot;2\&quot; /&gt;&lt;\/svg&gt;&lt;\/div&gt;\n                        &lt;hr&gt;&lt;div class=\&quot;modal__survey-list-item\&quot;&gt;&lt;input class=\&quot;modal__input\&quot; id=\&quot;fantasy\&quot; type=\&quot;checkbox\&quot; value=\&quot;Fantasy\&quot; /&gt;&lt;label class=\&quot;modal__label\&quot; for=\&quot;fantasy\&quot;&gt;Fantasy&lt;\/label&gt;&lt;svg class=\&quot;modal__tick\&quot; width=\&quot;14\&quot; height=\&quot;10\&quot; viewBox=\&quot;0 0 14 10\&quot; fill=\&quot;none\&quot; xmlns=\&quot;http://www.w3.org/2000/svg\&quot;&gt;&lt;path d=\&quot;M1 4.22412L5.1709 8.41309L12.4143 1\&quot; stroke=\&quot;#FF640A\&quot; stroke-width=\&quot;2\&quot; /&gt;&lt;\/svg&gt;&lt;\/div&gt;\n                        &lt;hr&gt;&lt;div class=\&quot;modal__survey-list-item\&quot;&gt;&lt;input class=\&quot;modal__input\&quot; id=\&quot;music\&quot; type=\&quot;checkbox\&quot; value=\&quot;Music\&quot; /&gt;&lt;label class=\&quot;modal__label\&quot; for=\&quot;music\&quot;&gt;Music&lt;\/label&gt;&lt;svg class=\&quot;modal__tick\&quot; width=\&quot;14\&quot; height=\&quot;10\&quot; viewBox=\&quot;0 0 14 10\&quot; fill=\&quot;none\&quot; xmlns=\&quot;http://www.w3.org/2000/svg\&quot;&gt;&lt;path d=\&quot;M1 4.22412L5.1709 8.41309L12.4143 1\&quot; stroke=\&quot;#FF640A\&quot; stroke-width=\&quot;2\&quot; /&gt;&lt;\/svg&gt;&lt;\/div&gt;\n                        &lt;hr&gt;&lt;div class=\&quot;modal__survey-list-item\&quot;&gt;&lt;input class=\&quot;modal__input\&quot; id=\&quot;romance\&quot; type=\&quot;checkbox\&quot; value=\&quot;Romance\&quot; /&gt;&lt;label class=\&quot;modal__label\&quot; for=\&quot;romance\&quot;&gt;Romance&lt;\/label&gt;&lt;svg class=\&quot;modal__tick\&quot; width=\&quot;14\&quot; height=\&quot;10\&quot; viewBox=\&quot;0 0 14 10\&quot; fill=\&quot;none\&quot; xmlns=\&quot;http://www.w3.org/2000/svg\&quot;&gt;&lt;path d=\&quot;M1 4.22412L5.1709 8.41309L12.4143 1\&quot; stroke=\&quot;#FF640A\&quot; stroke-width=\&quot;2\&quot; /&gt;&lt;\/svg&gt;&lt;\/div&gt;\n                        &lt;hr&gt;&lt;div class=\&quot;modal__survey-list-item\&quot;&gt;&lt;input class=\&quot;modal__input\&quot; id=\&quot;scifi\&quot; type=\&quot;checkbox\&quot; value=\&quot;Sci-Fi\&quot; /&gt;&lt;label class=\&quot;modal__label\&quot; for=\&quot;scifi\&quot;&gt;Sci-Fi&lt;\/label&gt;&lt;svg class=\&quot;modal__tick\&quot; width=\&quot;14\&quot; height=\&quot;10\&quot; viewBox=\&quot;0 0 14 10\&quot; fill=\&quot;none\&quot; xmlns=\&quot;http://www.w3.org/2000/svg\&quot;&gt;&lt;path d=\&quot;M1 4.22412L5.1709 8.41309L12.4143 1\&quot; stroke=\&quot;#FF640A\&quot; stroke-width=\&quot;2\&quot; /&gt;&lt;\/svg&gt;&lt;\/div&gt;\n                    &lt;\/div&gt;\n                    &lt;div class=\&quot;modal__survey-column\&quot;&gt;\n                        &lt;hr&gt;&lt;div class=\&quot;modal__survey-list-item\&quot;&gt;&lt;input class=\&quot;modal__input\&quot; id=\&quot;seinen\&quot; type=\&quot;checkbox\&quot; value=\&quot;Seinen\&quot; /&gt;&lt;label class=\&quot;modal__label\&quot; for=\&quot;seinen\&quot;&gt;Seinen&lt;\/label&gt;&lt;svg class=\&quot;modal__tick\&quot; width=\&quot;14\&quot; height=\&quot;10\&quot; viewBox=\&quot;0 0 14 10\&quot; fill=\&quot;none\&quot; xmlns=\&quot;http://www.w3.org/2000/svg\&quot;&gt;&lt;path d=\&quot;M1 4.22412L5.1709 8.41309L12.4143 1\&quot; stroke=\&quot;#FF640A\&quot; stroke-width=\&quot;2\&quot; /&gt;&lt;\/svg&gt;&lt;\/div&gt;\n                        &lt;hr&gt;&lt;div class=\&quot;modal__survey-list-item\&quot;&gt;&lt;input class=\&quot;modal__input\&quot; id=\&quot;shojo\&quot; type=\&quot;checkbox\&quot; value=\&quot;Shojo\&quot; /&gt;&lt;label class=\&quot;modal__label\&quot; for=\&quot;shojo\&quot;&gt;Shojo&lt;\/label&gt;&lt;svg class=\&quot;modal__tick\&quot; width=\&quot;14\&quot; height=\&quot;10\&quot; viewBox=\&quot;0 0 14 10\&quot; fill=\&quot;none\&quot; xmlns=\&quot;http://www.w3.org/2000/svg\&quot;&gt;&lt;path d=\&quot;M1 4.22412L5.1709 8.41309L12.4143 1\&quot; stroke=\&quot;#FF640A\&quot; stroke-width=\&quot;2\&quot; /&gt;&lt;\/svg&gt;&lt;\/div&gt;\n                        &lt;hr&gt;&lt;div class=\&quot;modal__survey-list-item\&quot;&gt;&lt;input class=\&quot;modal__input\&quot; id=\&quot;shonen\&quot; type=\&quot;checkbox\&quot; value=\&quot;Shonen\&quot; /&gt;&lt;label class=\&quot;modal__label\&quot; for=\&quot;shonen\&quot;&gt;Shonen&lt;\/label&gt;&lt;svg class=\&quot;modal__tick\&quot; width=\&quot;14\&quot; height=\&quot;10\&quot; viewBox=\&quot;0 0 14 10\&quot; fill=\&quot;none\&quot; xmlns=\&quot;http://www.w3.org/2000/svg\&quot;&gt;&lt;path d=\&quot;M1 4.22412L5.1709 8.41309L12.4143 1\&quot; stroke=\&quot;#FF640A\&quot; stroke-width=\&quot;2\&quot; /&gt;&lt;\/svg&gt;&lt;\/div&gt;\n                        &lt;hr&gt;&lt;div class=\&quot;modal__survey-list-item\&quot;&gt;&lt;input class=\&quot;modal__input\&quot; id=\&quot;sliceOfLife\&quot; type=\&quot;checkbox\&quot; value=\&quot;Slice of Life\&quot; /&gt;&lt;label class=\&quot;modal__label\&quot; for=\&quot;sliceOfLife\&quot;&gt;Slice of life&lt;\/label&gt;&lt;svg class=\&quot;modal__tick\&quot; width=\&quot;14\&quot; height=\&quot;10\&quot; viewBox=\&quot;0 0 14 10\&quot; fill=\&quot;none\&quot; xmlns=\&quot;http://www.w3.org/2000/svg\&quot;&gt;&lt;path d=\&quot;M1 4.22412L5.1709 8.41309L12.4143 1\&quot; stroke=\&quot;#FF640A\&quot; stroke-width=\&quot;2\&quot; /&gt;&lt;\/svg&gt;&lt;\/div&gt;\n                        &lt;hr&gt;&lt;div class=\&quot;modal__survey-list-item\&quot;&gt;&lt;input class=\&quot;modal__input\&quot; id=\&quot;sports\&quot; type=\&quot;checkbox\&quot; value=\&quot;Sports\&quot; /&gt;&lt;label class=\&quot;modal__label\&quot; for=\&quot;sports\&quot;&gt;Sports&lt;\/label&gt;&lt;svg class=\&quot;modal__tick\&quot; width=\&quot;14\&quot; height=\&quot;10\&quot; viewBox=\&quot;0 0 14 10\&quot; fill=\&quot;none\&quot; xmlns=\&quot;http://www.w3.org/2000/svg\&quot;&gt;&lt;path d=\&quot;M1 4.22412L5.1709 8.41309L12.4143 1\&quot; stroke=\&quot;#FF640A\&quot; stroke-width=\&quot;2\&quot; /&gt;&lt;\/svg&gt;&lt;\/div&gt;\n                        &lt;hr&gt;&lt;div class=\&quot;modal__survey-list-item\&quot;&gt;&lt;input class=\&quot;modal__input\&quot; id=\&quot;supernatural\&quot; type=\&quot;checkbox\&quot; value=\&quot;Supernatural\&quot; /&gt;&lt;label class=\&quot;modal__label\&quot; for=\&quot;supernatural\&quot;&gt;Supernatural&lt;\/label&gt;&lt;svg class=\&quot;modal__tick\&quot; width=\&quot;14\&quot; height=\&quot;10\&quot; viewBox=\&quot;0 0 14 10\&quot; fill=\&quot;none\&quot; xmlns=\&quot;http://www.w3.org/2000/svg\&quot;&gt;&lt;path d=\&quot;M1 4.22412L5.1709 8.41309L12.4143 1\&quot; stroke=\&quot;#FF640A\&quot; stroke-width=\&quot;2\&quot; /&gt;&lt;\/svg&gt;&lt;\/div&gt;\n                        &lt;hr&gt;&lt;div class=\&quot;modal__survey-list-item\&quot;&gt;&lt;input class=\&quot;modal__input\&quot; id=\&quot;thriller\&quot; type=\&quot;checkbox\&quot; value=\&quot;Thriller\&quot; /&gt;&lt;label class=\&quot;modal__label\&quot; for=\&quot;thriller\&quot;&gt;Thriller&lt;\/label&gt;&lt;svg class=\&quot;modal__tick\&quot; width=\&quot;14\&quot; height=\&quot;10\&quot; viewBox=\&quot;0 0 14 10\&quot; fill=\&quot;none\&quot; xmlns=\&quot;http://www.w3.org/2000/svg\&quot;&gt;&lt;path d=\&quot;M1 4.22412L5.1709 8.41309L12.4143 1\&quot; stroke=\&quot;#FF640A\&quot; stroke-width=\&quot;2\&quot; /&gt;&lt;\/svg&gt;&lt;\/div&gt;\n                    &lt;\/div&gt;\n                &lt;\/div&gt;\n                &lt;div class=\&quot;modal__button-wrap\&quot;&gt;\n                    &lt;button class=\&quot;modal__btn modal__btn--main\&quot; id=\&quot;submit\&quot;&gt;Save&lt;\/button&gt;\n                    &lt;button class=\&quot;modal__btn modal__btn--secondary\&quot; id=\&quot;maybe-later\&quot;&gt;Maybe later&lt;\/button&gt;\n                &lt;\/div&gt;\n            &lt;\/div&gt;\n            &lt;div class=\&quot;modal__content modal__content--thankyou\&quot; id=\&quot;thankyou\&quot;&gt;\n                &lt;button data-button-id=\&quot;close\&quot; class=\&quot;modal__cross\&quot;&gt;\n                    &lt;svg width=\&quot;34\&quot; height=\&quot;34\&quot; viewBox=\&quot;0 0 34 34\&quot; fill=\&quot;none\&quot; xmlns=\&quot;http://www.w3.org/2000/svg\&quot;&gt;\n                        &lt;path fill-rule=\&quot;evenodd\&quot; clip-rule=\&quot;evenodd\&quot; d=\&quot;M14.4175 16.8419L8.51467 10.9391C7.8452 10.2696 7.8452 9.18422 8.51467 8.51475C9.18414 7.84528 10.2696 7.84528 10.939 8.51475L16.8418 14.4176L22.7446 8.51475C23.4141 7.84528 24.4995 7.84528 25.169 8.51475C25.8385 9.18422 25.8385 10.2696 25.169 10.9391L19.2662 16.8419L25.169 22.7447C25.8385 23.4142 25.8385 24.4996 25.169 25.1691C24.4995 25.8386 23.4141 25.8386 22.7446 25.1691L16.8418 19.2663L10.939 25.1691C10.2696 25.8386 9.18414 25.8386 8.51467 25.1691C7.8452 24.4996 7.8452 23.4142 8.51467 22.7447L14.4175 16.8419Z\&quot; fill=\&quot;#ffffff\&quot; /&gt;\n                    &lt;\/svg&gt;\n                &lt;\/button&gt;\n                &lt;br&gt;\n                &lt;h1 class=\&quot;modal__title\&quot;&gt;&lt;\/h1&gt;\n                &lt;div id=\&quot;genre-recommendations\&quot;&gt;&lt;\/div&gt;\n            &lt;\/div&gt;\n        &lt;\/div&gt;\n    &lt;\/div&gt;\n    &lt;script&gt;\n        var error = document.getElementById(\&quot;error\&quot;);\n        var submit = document.getElementById(\&quot;submit\&quot;);\n        var maybeLater = document.getElementById(\&quot;maybe-later\&quot;);\n        var thankyou = document.getElementById(\&quot;thankyou\&quot;);\n        var form = document.getElementById(\&quot;form\&quot;);\n        var checkboxes = document.querySelectorAll('.modal__input[type=\&quot;checkbox\&quot;]');\n\n        document.addEventListener(\&quot;keypress\&quot;, function(e) {\n            if (e.keyCode === 13) {\n                e.preventDefault();\n                return false;\n            }\n        });\n\n        submit.addEventListener(\&quot;click\&quot;, onSubmit);\n        maybeLater.addEventListener(\&quot;click\&quot;, onMaybeLater);\n\n        function onMaybeLater() {\n            if (typeof appboyBridge !== 'undefined') {\n                appboyBridge.logClick(\&quot;maybe_later_button\&quot;);\n                appboyBridge.closeMessage();\n                appboyBridge.requestImmediateDataFlush();\n            } else {\n                console.log(\&quot;Maybe later clicked. Would close the modal here.\&quot;);\n            }\n        }\n\n        function onSubmit(event) {\n            event.preventDefault();\n            if (validateForm()) {\n                var selectedGenres = Array.from(checkboxes)\n                    .filter(checkbox =&gt; checkbox.checked)\n                    .map(checkbox =&gt; checkbox.value);\n\n                var userId = \&quot;9eda5607-23fd-58bd-ac09-8294d346c794\&quot;;\n                \n                if (typeof appboyBridge !== 'undefined') {\n                    appboyBridge.changeUser(userId);\n                    appboyBridge.logClick(\&quot;save_button\&quot;);\n                    appboyBridge.getUser().setCustomUserAttribute(\&quot;genre_preference\&quot;, selectedGenres);\n                    appboyBridge.requestImmediateDataFlush();\n                } else {\n                    console.log(\&quot;Genres selected:\&quot;, selectedGenres.join(\&quot;, \&quot;));\n                }\n\n                updateThankYouMessage(selectedGenres);\n                \n                form.style.display = \&quot;none\&quot;;\n                thankyou.style.display = \&quot;flex\&quot;;\n\n                var modal = document.querySelector('.modal');\n                var overlay = document.querySelector('.overlay');\n\n                if (window.innerWidth &gt; 900) {\n                    modal.style.height = 'auto';\n                    overlay.style.alignItems = 'center';\n                } else {\n                    modal.style.height = 'auto';\n                    overlay.style.alignItems = 'center';\n                }\n            }\n        }\n\nconst shows = {\n\&quot;genres\&quot;: { \&quot;Action\&quot;: [ { \&quot;title\&quot;: \&quot;Attack on Titan\&quot;, \&quot;key_art\&quot;: { \&quot;landscape_675x1200\&quot;: \&quot;https://www.crunchyroll.com/imgsrv/display/thumbnail/1200x675/catalog/crunchyroll/1dea4b0c71a1b3837e27077b93bfc217.jpe\&quot; }, \&quot;series_id\&quot;: \&quot;GR751KNZY\&quot; } , { \&quot;title\&quot;: \&quot;Demon Slayer: Kimetsu no Yaiba\&quot;, \&quot;key_art\&quot;: { \&quot;landscape_675x1200\&quot;: \&quot;https://imgsrv.crunchyroll.com/cdn-cgi/image/fit=contain,format=auto,quality=85,width=1200,height=675/catalog/crunchyroll/6b17182a3518d7406f0e69687f773f4f.jpg\&quot; }, \&quot;series_id\&quot;: \&quot;GY5P48XEY\&quot; } , { \&quot;title\&quot;: \&quot;JUJUTSU KAISEN\&quot;, \&quot;key_art\&quot;: { \&quot;landscape_675x1200\&quot;: \&quot;https://www.crunchyroll.com/imgsrv/display/thumbnail/1200x675/catalog/crunchyroll/8b7f5847f9b97f921e41d4ef59fd2d79.jpe\&quot; }, \&quot;series_id\&quot;: \&quot;GRDV0019R\&quot; } , { \&quot;title\&quot;: \&quot;Solo Leveling\&quot;, \&quot;key_art\&quot;: { \&quot;landscape_675x1200\&quot;: \&quot;https://imgsrv.crunchyroll.com/cdn-cgi/image/fit=contain,format=auto,quality=85,width=1200,height=675/catalog/crunchyroll/4305090653ee4239dd0d797f1a4a6bdf.jpg\&quot; }, \&quot;series_id\&quot;: \&quot;GDKHZEJ0K\&quot; } , { \&quot;title\&quot;: \&quot;Kaiju No. 8\&quot;, \&quot;key_art\&quot;: { \&quot;landscape_675x1200\&quot;: \&quot;https://braze-images.com/appboy/communication/assets/image_assets/images/686c02e48863a30065dfb3e8/original.PNG?1751909091\&quot; }, \&quot;series_id\&quot;: \&quot;GG5H5XQ7D\&quot; } , { \&quot;title\&quot;: \&quot;One Piece\&quot;, \&quot;key_art\&quot;: { \&quot;landscape_675x1200\&quot;: \&quot;https://imgsrv.crunchyroll.com/cdn-cgi/image/fit=contain,format=auto,quality=85,width=1200,height=675/catalog/crunchyroll/a249096c7812deb8c3c2c907173f3774.jpg\&quot; }, \&quot;series_id\&quot;: \&quot;GRMG8ZQZR\&quot; } ],\n\&quot;Adventure\&quot;: [ { \&quot;title\&quot;: \&quot;That Time I Got Reincarnated as a Slime\&quot;, \&quot;key_art\&quot;: { \&quot;landscape_675x1200\&quot;: \&quot;https://imgsrv.crunchyroll.com/cdn-cgi/image/fit=contain,format=auto,quality=85,width=1200,height=675/catalog/crunchyroll/c66e81aad52628a7f0738987903f92d2.jpg\&quot; }, \&quot;series_id\&quot;: \&quot;GYZJ43JMR\&quot; } , { \&quot;title\&quot;: \&quot;Frieren: Beyond Journey's End\&quot;, \&quot;key_art\&quot;: { \&quot;landscape_675x1200\&quot;: \&quot;https://www.crunchyroll.com/imgsrv/display/thumbnail/1200x675/catalog/crunchyroll/bcc213e8825420a85790049366d409fd.jpe\&quot; }, \&quot;series_id\&quot;: \&quot;GG5H5XQX4\&quot; } , { \&quot;title\&quot;: \&quot;Dr. STONE\&quot;, \&quot;key_art\&quot;: { \&quot;landscape_675x1200\&quot;: \&quot;https://www.crunchyroll.com/imgsrv/display/thumbnail/1200x675/catalog/crunchyroll/f3accca2b543e1d3b7b9533ca55d2119.jpe\&quot; }, \&quot;series_id\&quot;: \&quot;GYEXQKJG6\&quot; } , { \&quot;title\&quot;: \&quot;VINLAND SAGA\&quot;, \&quot;key_art\&quot;: { \&quot;landscape_675x1200\&quot;: \&quot;https://www.crunchyroll.com/imgsrv/display/thumbnail/1200x675/catalog/crunchyroll/44ca7020d3de7a444724dc8e16c43142.jpe\&quot; }, \&quot;series_id\&quot;: \&quot;GEXH3WKK0\&quot; } , { \&quot;title\&quot;: \&quot;Shangri-La Frontier\&quot;, \&quot;key_art\&quot;: { \&quot;landscape_675x1200\&quot;: \&quot;https://imgsrv.crunchyroll.com/cdn-cgi/image/fit=contain,format=auto,quality=85,width=1200,height=675/catalog/crunchyroll/a5f4f7ffb7e57e2e1409f123f6498c1a.jpg\&quot; }, \&quot;series_id\&quot;: \&quot;G79H23Z8P\&quot; } , { \&quot;title\&quot;: \&quot;Sword Art Online\&quot;, \&quot;key_art\&quot;: { \&quot;landscape_675x1200\&quot;: \&quot;https://www.crunchyroll.com/imgsrv/display/thumbnail/1200x675/catalog/crunchyroll/2ac201aa63c364c1520838bfa24bb3b4.jpe\&quot; }, \&quot;series_id\&quot;: \&quot;GR49G9VP6\&quot; } ],\n\&quot;Comedy\&quot;: [ { \&quot;title\&quot;: \&quot;SPY x FAMILY\&quot;, \&quot;key_art\&quot;: { \&quot;landscape_675x1200\&quot;: \&quot;https://www.crunchyroll.com/imgsrv/display/thumbnail/1200x675/catalog/crunchyroll/d45157163f2cfa6c1ce3ae32c30a96f4.jpe\&quot; }, \&quot;series_id\&quot;: \&quot;G4PH0WXVJ\&quot; } , { \&quot;title\&quot;: \&quot;KONOSUBA -God's blessing on this wonderful world!\&quot;, \&quot;key_art\&quot;: { \&quot;landscape_675x1200\&quot;: \&quot;https://www.crunchyroll.com/imgsrv/display/thumbnail/1200x675/catalog/crunchyroll/ccfcc995823a0bac58f924b9ed19cf63.jpe\&quot; }, \&quot;series_id\&quot;: \&quot;GYE5K3GQR\&quot; } , { \&quot;title\&quot;: \&quot;Is It Wrong to Try to Pick Up Girls in a Dungeon?\&quot;, \&quot;key_art\&quot;: { \&quot;landscape_675x1200\&quot;: \&quot;https://www.crunchyroll.com/imgsrv/display/thumbnail/1200x675/catalog/crunchyroll/d03055945dfa943ce2fdb3cbbb050699.jpe\&quot; }, \&quot;series_id\&quot;: \&quot;G6DQN9KGR\&quot; } , { \&quot;title\&quot;: \&quot;Alya Sometimes Hides Her Feelings in Russian\&quot;, \&quot;key_art\&quot;: { \&quot;landscape_675x1200\&quot;: \&quot;https://imgsrv.crunchyroll.com/cdn-cgi/image/fit=contain,format=auto,quality=85,width=1200,height=675/catalog/crunchyroll/b0bdcf73a7e00f9bc75131088970288d.jpg\&quot; }, \&quot;series_id\&quot;: \&quot;G1XHJV0XM\&quot; } , { \&quot;title\&quot;: \&quot;My Next Life as a Villainess: All Routes Lead to Doom!\&quot;, \&quot;key_art\&quot;: { \&quot;landscape_675x1200\&quot;: \&quot;https://www.crunchyroll.com/imgsrv/display/thumbnail/1200x675/catalog/crunchyroll/8251f7fea775d24c5f1f90403f8dbbdc.jpe\&quot; }, \&quot;series_id\&quot;: \&quot;GY5PW4JEY\&quot; } , { \&quot;title\&quot;: \&quot;Gintama\&quot;, \&quot;key_art\&quot;: { \&quot;landscape_675x1200\&quot;: \&quot;https://www.crunchyroll.com/imgsrv/display/thumbnail/1200x675/catalog/crunchyroll/5d1c34b8f9491d82bf62391f7ac4e4a3.jpe\&quot; }, \&quot;series_id\&quot;: \&quot;GYQ4MKDZ6\&quot; } ],\n\&quot;Drama\&quot;: [ { \&quot;title\&quot;: \&quot;The Apothecary Diaries\&quot;, \&quot;key_art\&quot;: { \&quot;landscape_675x1200\&quot;: \&quot;https://www.crunchyroll.com/imgsrv/display/thumbnail/1200x675/catalog/crunchyroll/880a9a293ef5b71e1122e85543f8e86d.jpe\&quot; }, \&quot;series_id\&quot;: \&quot;G3KHEVDJ7\&quot; } , { \&quot;title\&quot;: \&quot;Fruits Basket\&quot;, \&quot;key_art\&quot;: { \&quot;landscape_675x1200\&quot;: \&quot;https://www.crunchyroll.com/imgsrv/display/thumbnail/1200x675/catalog/crunchyroll/c991780212f588bb40431529a2fc1e5f.jpe\&quot; }, \&quot;series_id\&quot;: \&quot;G6ZJMGEXY\&quot; } , { \&quot;title\&quot;: \&quot;Lord of Mysteries\&quot;, \&quot;key_art\&quot;: { \&quot;landscape_675x1200\&quot;: \&quot;https://braze-images.com/appboy/communication/assets/image_assets/images/6866e40ee0408d006541bc22/original.PNG?1751573518\&quot; }, \&quot;series_id\&quot;: \&quot;GEXH3W2EZ\&quot; } , { \&quot;title\&quot;: \&quot;Black Butler\&quot;, \&quot;key_art\&quot;: { \&quot;landscape_675x1200\&quot;: \&quot;https://imgsrv.crunchyroll.com/cdn-cgi/image/fit=contain,format=auto,quality=85,width=1200,height=675/catalog/crunchyroll/ff99c48c9aa901f08d3571a2276618a2.jpg\&quot; }, \&quot;series_id\&quot;: \&quot;GYQ43P3E6\&quot; } , { \&quot;title\&quot;: \&quot;Bungo Stray Dogs\&quot;, \&quot;key_art\&quot;: { \&quot;landscape_675x1200\&quot;: \&quot;https://www.crunchyroll.com/imgsrv/display/thumbnail/1200x675/catalog/crunchyroll/8f5fce5262796491d3d9332b0e5551bf.jpe\&quot; }, \&quot;series_id\&quot;: \&quot;GR5VXQ8PR\&quot; } , { \&quot;title\&quot;: \&quot;The Rising of the Shield Hero\&quot;, \&quot;key_art\&quot;: { \&quot;landscape_675x1200\&quot;: \&quot;https://www.crunchyroll.com/imgsrv/display/thumbnail/1200x675/catalog/crunchyroll/6aaf36afb57680cdc5812e28a98bb62d.jpe\&quot; }, \&quot;series_id\&quot;: \&quot;G6W4QKX0R\&quot; } ],\n\&quot;Fantasy\&quot;: [ { \&quot;title\&quot;: \&quot;Mushoku Tensei: Jobless Reincarnation\&quot;, \&quot;key_art\&quot;: { \&quot;landscape_675x1200\&quot;: \&quot;https://www.crunchyroll.com/imgsrv/display/thumbnail/1200x675/catalog/crunchyroll/6b944913c4e0a705b1fdc0e426e24530.jpe\&quot; }, \&quot;series_id\&quot;: \&quot;G24H1N3MP\&quot; } , { \&quot;title\&quot;: \&quot;Overlord\&quot;, \&quot;key_art\&quot;: { \&quot;landscape_675x1200\&quot;: \&quot;https://www.crunchyroll.com/imgsrv/display/thumbnail/1200x675/catalog/crunchyroll/5b65797ccc7305b99cd8f1922d66d777.jpe\&quot; }, \&quot;series_id\&quot;: \&quot;G69PZ5PDY\&quot; } , { \&quot;title\&quot;: \&quot;Re:ZERO -Starting Life in Another World-\&quot;, \&quot;key_art\&quot;: { \&quot;landscape_675x1200\&quot;: \&quot;https://imgsrv.crunchyroll.com/cdn-cgi/image/fit=contain,format=auto,quality=85,width=1200,height=675/catalog/crunchyroll/5525651c53b49243de6835134651192c.jpg\&quot; }, \&quot;series_id\&quot;: \&quot;GRGG9798R\&quot; } , { \&quot;title\&quot;: \&quot;BOFURI: I Don't Want to Get Hurt, so I'll Max Out My Defense.\&quot;, \&quot;key_art\&quot;: { \&quot;landscape_675x1200\&quot;: \&quot;https://www.crunchyroll.com/imgsrv/display/thumbnail/1200x675/catalog/crunchyroll/2583f9f13ed1f26108ae4279f5b50c94.jpe\&quot; }, \&quot;series_id\&quot;: \&quot;GKEH2G428\&quot; } , { \&quot;title\&quot;: \&quot;I Got a Cheat Skill in Another World and Became Unrivaled in The Real World, Too\&quot;, \&quot;key_art\&quot;: { \&quot;landscape_675x1200\&quot;: \&quot;https://www.crunchyroll.com/imgsrv/display/thumbnail/1200x675/catalog/crunchyroll/c50b67d24907e808da01be92d7523504.jpe\&quot; }, \&quot;series_id\&quot;: \&quot;GEXH3W49E\&quot; } , { \&quot;title\&quot;: \&quot;Ranking of Kings\&quot;, \&quot;key_art\&quot;: { \&quot;landscape_675x1200\&quot;: \&quot;https://www.crunchyroll.com/imgsrv/display/thumbnail/1200x675/catalog/crunchyroll/0373e7213a475abe3c6951e70b6ca02e.jpe\&quot; }, \&quot;series_id\&quot;: \&quot;G79H23W70\&quot; } ],\n\&quot;Music\&quot;: [ { \&quot;title\&quot;: \&quot;BOCCHI THE ROCK!\&quot;, \&quot;key_art\&quot;: { \&quot;landscape_675x1200\&quot;: \&quot;https://www.crunchyroll.com/imgsrv/display/thumbnail/1200x675/catalog/crunchyroll/88fbe563405097ee6eeeccd9d46195e2.jpe\&quot; }, \&quot;series_id\&quot;: \&quot;GXJHM3P19\&quot; } , { \&quot;title\&quot;: \&quot;given\&quot;, \&quot;key_art\&quot;: { \&quot;landscape_675x1200\&quot;: \&quot;https://www.crunchyroll.com/imgsrv/display/thumbnail/1200x675/catalog/crunchyroll/9560456ffbef41dae4344fde132890d2.jpe\&quot; }, \&quot;series_id\&quot;: \&quot;GRG5WWD4R\&quot; } , { \&quot;title\&quot;: \&quot;KAMITSUBAKI CITY UNDER CONSTRUCTION\&quot;, \&quot;key_art\&quot;: { \&quot;landscape_675x1200\&quot;: \&quot;https://braze-images.com/appboy/communication/assets/image_assets/images/686bfae278100400646ecc7f/original.PNG?1751907041\&quot; }, \&quot;series_id\&quot;: \&quot;G3KHEVDGD\&quot; } , { \&quot;title\&quot;: \&quot;Your lie in April\&quot;, \&quot;key_art\&quot;: { \&quot;landscape_675x1200\&quot;: \&quot;https://www.crunchyroll.com/imgsrv/display/thumbnail/1200x675/catalog/crunchyroll/589632aedf2ed936e2c7ba95ed6ed5d4.jpe\&quot; }, \&quot;series_id\&quot;: \&quot;G63V7KN9Y\&quot; } , { \&quot;title\&quot;: \&quot;Classic Stars\&quot;, \&quot;key_art\&quot;: { \&quot;landscape_675x1200\&quot;: \&quot;https://braze-images.com/appboy/communication/assets/image_assets/images/68c451605458dc00643d1df8/original.png?1757696351\&quot; }, \&quot;series_id\&quot;: \&quot;GDKHZEJKQ\&quot; } , { \&quot;title\&quot;: \&quot;GIRLS BAND CRY\&quot;, \&quot;key_art\&quot;: { \&quot;landscape_675x1200\&quot;: \&quot;https://braze-images.com/appboy/communication/assets/image_assets/images/68c452b55028080064de67ab/original.png?1757696692\&quot; }, \&quot;series_id\&quot;: \&quot;G1XHJV0W8\&quot; } ],\n\&quot;Romance\&quot;: [ { \&quot;title\&quot;: \&quot;My Dress-Up Darling\&quot;, \&quot;key_art\&quot;: { \&quot;landscape_675x1200\&quot;: \&quot;https://www.crunchyroll.com/imgsrv/display/thumbnail/1200x675/catalog/crunchyroll/55106611f3f44e55cb25b4da172baf2a.jpe\&quot; }, \&quot;series_id\&quot;: \&quot;GQWH0M9N8\&quot; } , { \&quot;title\&quot;: \&quot;KAGUYA-SAMA: LOVE IS WAR\&quot;, \&quot;key_art\&quot;: { \&quot;landscape_675x1200\&quot;: \&quot;https://www.crunchyroll.com/imgsrv/display/thumbnail/1200x675/catalog/crunchyroll/c666ad3b91f3aca41e958b0c618cde77.jpe\&quot; }, \&quot;series_id\&quot;: \&quot;GRJ0J828Y\&quot; } , { \&quot;title\&quot;: \&quot;Rent-a-Girlfriend\&quot;, \&quot;key_art\&quot;: { \&quot;landscape_675x1200\&quot;: \&quot;https://www.crunchyroll.com/imgsrv/display/thumbnail/1200x675/catalog/crunchyroll/548c51dae7f89955eadaf9f9ce79359b.jpe\&quot; }, \&quot;series_id\&quot;: \&quot;G6QWV3976\&quot; } , { \&quot;title\&quot;: \&quot;The Quintessential Quintuplets\&quot;, \&quot;key_art\&quot;: { \&quot;landscape_675x1200\&quot;: \&quot;https://www.crunchyroll.com/imgsrv/display/thumbnail/1200x675/catalog/crunchyroll/010634e9d1c76f0596248c1091e4586c.jpe\&quot; }, \&quot;series_id\&quot;: \&quot;GY4PD7Z06\&quot; } , { \&quot;title\&quot;: \&quot;A Couple of Cuckoos\&quot;, \&quot;key_art\&quot;: { \&quot;landscape_675x1200\&quot;: \&quot;https://www.crunchyroll.com/imgsrv/display/thumbnail/1200x675/catalog/crunchyroll/0c976a3b11750b3e34655b6eac0e96fd.jpe\&quot; }, \&quot;series_id\&quot;: \&quot;GXJHM39MP\&quot; } , { \&quot;title\&quot;: \&quot;More than a Married Couple, but Not Lovers.\&quot;, \&quot;key_art\&quot;: { \&quot;landscape_675x1200\&quot;: \&quot;https://www.crunchyroll.com/imgsrv/display/thumbnail/1200x675/catalog/crunchyroll/8a9adc8fd5b4c946d6ee86f29da554c0.jpe\&quot; }, \&quot;series_id\&quot;: \&quot;GJ0H7Q5N3\&quot; } ],\n\&quot;Sci-Fi\&quot;: [ { \&quot;title\&quot;: \&quot;TRIGUN STAMPEDE\&quot;, \&quot;key_art\&quot;: { \&quot;landscape_675x1200\&quot;: \&quot;https://www.crunchyroll.com/imgsrv/display/thumbnail/1200x675/catalog/crunchyroll/1e70f22065449404cc8498e759ed5541.jpe\&quot; }, \&quot;series_id\&quot;: \&quot;GXJHM3PK5\&quot; } , { \&quot;title\&quot;: \&quot;Cowboy Bebop\&quot;, \&quot;key_art\&quot;: { \&quot;landscape_675x1200\&quot;: \&quot;https://www.crunchyroll.com/imgsrv/display/thumbnail/1200x675/catalog/crunchyroll/87a7725ab26709c9d17d9d44c7cee02a.jpe\&quot; }, \&quot;series_id\&quot;: \&quot;GYVNXMVP6\&quot; } , { \&quot;title\&quot;: \&quot;My Hero Academia Vigilantes\&quot;, \&quot;key_art\&quot;: { \&quot;landscape_675x1200\&quot;: \&quot;https://braze-images.com/appboy/communication/assets/image_assets/images/67f6a0ee69343e0064741bf7/original.PNG?1744216301\&quot; }, \&quot;series_id\&quot;: \&quot;G79H23ZQ3\&quot; } , { \&quot;title\&quot;: \&quot;NieR:Automata Ver1.1a\&quot;, \&quot;key_art\&quot;: { \&quot;landscape_675x1200\&quot;: \&quot;https://www.crunchyroll.com/imgsrv/display/thumbnail/1200x675/catalog/crunchyroll/dbdc2d473dd2cd85f9d96a3394bd2903.jpe\&quot; }, \&quot;series_id\&quot;: \&quot;GNVHKNPW1\&quot; } , { \&quot;title\&quot;: \&quot;Code Geass\&quot;, \&quot;key_art\&quot;: { \&quot;landscape_675x1200\&quot;: \&quot;https://www.crunchyroll.com/imgsrv/display/thumbnail/1200x675/catalog/crunchyroll/073eaa35b1ce29bc29d57739b6479d02.jpe\&quot; }, \&quot;series_id\&quot;: \&quot;GY2P9ED0Y\&quot; } , { \&quot;title\&quot;: \&quot;DARLING in the FRANXX\&quot;, \&quot;key_art\&quot;: { \&quot;landscape_675x1200\&quot;: \&quot;https://www.crunchyroll.com/imgsrv/display/thumbnail/1200x675/catalog/crunchyroll/626b30dc8203a0e263bba0a191a8f7be.jpe\&quot; }, \&quot;series_id\&quot;: \&quot;GY8VEQ95Y\&quot; } ],\n\&quot;Seinen\&quot;: [ { \&quot;title\&quot;: \&quot;Golden Kamuy\&quot;, \&quot;key_art\&quot;: { \&quot;landscape_675x1200\&quot;: \&quot;https://www.crunchyroll.com/imgsrv/display/thumbnail/1200x675/catalog/crunchyroll/dc4cf400b850058474c592795d1e0803.jpe\&quot; }, \&quot;series_id\&quot;: \&quot;GY8DWQN5Y\&quot; } , { \&quot;title\&quot;: \&quot;Classroom of the Elite\&quot;, \&quot;key_art\&quot;: { \&quot;landscape_675x1200\&quot;: \&quot;https://imgsrv.crunchyroll.com/cdn-cgi/image/fit=contain,format=auto,quality=85,width=1200,height=675/catalog/crunchyroll/3faa80fc683fd414a128b66b1acf535f.jpg\&quot; }, \&quot;series_id\&quot;: \&quot;GRVN8MNQY\&quot; } , { \&quot;title\&quot;: \&quot;Lupin the Third Part 1\&quot;, \&quot;key_art\&quot;: { \&quot;landscape_675x1200\&quot;: \&quot;https://www.crunchyroll.com/imgsrv/display/thumbnail/1200x675/catalog/crunchyroll/b144ce55a9fd5473a0a698f007e8ab1e.jpe\&quot; }, \&quot;series_id\&quot;: \&quot;G6X01XXKY\&quot; } , { \&quot;title\&quot;: \&quot;MUSHI-SHI\&quot;, \&quot;key_art\&quot;: { \&quot;landscape_675x1200\&quot;: \&quot;https://www.crunchyroll.com/imgsrv/display/thumbnail/1200x675/catalog/crunchyroll/a3f88d7375144eae587e1636bee25370.jpe\&quot; }, \&quot;series_id\&quot;: \&quot;GRX0MGN76\&quot; } , { \&quot;title\&quot;: \&quot;Parasyte -the maxim-\&quot;, \&quot;key_art\&quot;: { \&quot;landscape_675x1200\&quot;: \&quot;https://www.crunchyroll.com/imgsrv/display/thumbnail/1200x675/catalog/crunchyroll/a1b9e0783210f940b383626b224e8827.jpe\&quot; }, \&quot;series_id\&quot;: \&quot;G6K53VGGY\&quot; } , { \&quot;title\&quot;: \&quot;Kingdom\&quot;, \&quot;key_art\&quot;: { \&quot;landscape_675x1200\&quot;: \&quot;https://imgsrv.crunchyroll.com/cdn-cgi/image/fit=contain,format=auto,quality=85,width=1200,height=675/catalog/crunchyroll/917f3bc6936244863ab9326962906d4a.jpg\&quot; }, \&quot;series_id\&quot;: \&quot;GRWE89KMR\&quot; } ],\n\&quot;Shojo\&quot;: [ { \&quot;title\&quot;: \&quot;Kimi ni Todoke - From Me To You\&quot;, \&quot;key_art\&quot;: { \&quot;landscape_675x1200\&quot;: \&quot;https://www.crunchyroll.com/imgsrv/display/thumbnail/1200x675/catalog/crunchyroll/760cf9b52c60392d7087949606d85836.jpe\&quot; }, \&quot;series_id\&quot;: \&quot;GRDQVVNGY\&quot; } , { \&quot;title\&quot;: \&quot;You and Your Idol Precure\&quot;, \&quot;key_art\&quot;: { \&quot;landscape_675x1200\&quot;: \&quot;https://braze-images.com/appboy/communication/assets/image_assets/images/68c45437478d7000657140e8/original.png?1757697079\&quot; }, \&quot;series_id\&quot;: \&quot;GDKHZEJJQ\&quot; } , { \&quot;title\&quot;: \&quot;Kamisama Hajimemashita\&quot;, \&quot;key_art\&quot;: { \&quot;landscape_675x1200\&quot;: \&quot;https://www.crunchyroll.com/imgsrv/display/thumbnail/1200x675/catalog/crunchyroll/133a2e5b3c368bdaacde059839cb77a2.jpe\&quot; }, \&quot;series_id\&quot;: \&quot;GRE5KE7P6\&quot; } , { \&quot;title\&quot;: \&quot;Orange\&quot;, \&quot;key_art\&quot;: { \&quot;landscape_675x1200\&quot;: \&quot;https://www.crunchyroll.com/imgsrv/display/thumbnail/1200x675/catalog/crunchyroll/56441fd324e74cba04b7ec98f0e14c7e.jpe\&quot; }, \&quot;series_id\&quot;: \&quot;GRVNXW75Y\&quot; } , { \&quot;title\&quot;: \&quot;Skip and Loafer\&quot;, \&quot;key_art\&quot;: { \&quot;landscape_675x1200\&quot;: \&quot;https://www.crunchyroll.com/imgsrv/display/thumbnail/1200x675/catalog/crunchyroll/08722b57ff8bdaf5a9e0436e6ce868c9.jpe\&quot; }, \&quot;series_id\&quot;: \&quot;G9VHN9185\&quot; } , { \&quot;title\&quot;: \&quot;Cardcaptor Sakura\&quot;, \&quot;key_art\&quot;: { \&quot;landscape_675x1200\&quot;: \&quot;https://www.crunchyroll.com/imgsrv/display/thumbnail/1200x675/catalog/crunchyroll/7291489cba5c8e8125e997f3c39eb8c5.jpe\&quot; }, \&quot;series_id\&quot;: \&quot;GRNQP873R\&quot; } ],\n\&quot;Shonen\&quot;: [ { \&quot;title\&quot;: \&quot;Gachiakuta\&quot;, \&quot;key_art\&quot;: { \&quot;landscape_675x1200\&quot;: \&quot;https://braze-images.com/appboy/communication/assets/image_assets/images/686555088a5036006574e005/original.PNG?1751471367\&quot; }, \&quot;series_id\&quot;: \&quot;GP5HJ84P7\&quot; } , { \&quot;title\&quot;: \&quot;Fire Force\&quot;, \&quot;key_art\&quot;: { \&quot;landscape_675x1200\&quot;: \&quot;https://www.crunchyroll.com/imgsrv/display/thumbnail/1200x675/catalog/crunchyroll/1f0515055bab7ae9eb7e50b4d2a7aebb.jpe\&quot; }, \&quot;series_id\&quot;: \&quot;GYQWNXPZY\&quot; } , { \&quot;title\&quot;: \&quot;My Hero Academia\&quot;, \&quot;key_art\&quot;: { \&quot;landscape_675x1200\&quot;: \&quot;https://imgsrv.crunchyroll.com/cdn-cgi/image/fit=contain,format=auto,quality=85,width=1200,height=675/catalog/crunchyroll/9ca680632ac63f44c7220f61ace9a81b.jpg\&quot; }, \&quot;series_id\&quot;: \&quot;G6NQ5DWZ6\&quot; } , { \&quot;title\&quot;: \&quot;Black Clover\&quot;, \&quot;key_art\&quot;: { \&quot;landscape_675x1200\&quot;: \&quot;https://www.crunchyroll.com/imgsrv/display/thumbnail/1200x675/catalog/crunchyroll/0273e80242d80b0218f640e038269c18.jpe\&quot; }, \&quot;series_id\&quot;: \&quot;GRE50KV36\&quot; } , { \&quot;title\&quot;: \&quot;MASHLE: MAGIC AND MUSCLES\&quot;, \&quot;key_art\&quot;: { \&quot;landscape_675x1200\&quot;: \&quot;https://imgsrv.crunchyroll.com/cdn-cgi/image/fit=contain,format=auto,quality=85,width=1200,height=675/catalog/crunchyroll/7ce6bedc77c1c73383d404e7c1de2e4e.jpg\&quot; }, \&quot;series_id\&quot;: \&quot;GDKHZEP8W\&quot; } , { \&quot;title\&quot;: \&quot;Chainsaw Man\&quot;, \&quot;key_art\&quot;: { \&quot;landscape_675x1200\&quot;: \&quot;https://www.crunchyroll.com/imgsrv/display/thumbnail/1200x675/catalog/crunchyroll/ea075b926e1073f4eb016bff8cdb434c.jpe\&quot; }, \&quot;series_id\&quot;: \&quot;GVDHX8QNW\&quot; } ],\n\&quot;Slice of Life\&quot;: [ { \&quot;title\&quot;: \&quot;DON'T TOY WITH ME, MISS NAGATORO\&quot;, \&quot;key_art\&quot;: { \&quot;landscape_675x1200\&quot;: \&quot;https://www.crunchyroll.com/imgsrv/display/thumbnail/1200x675/catalog/crunchyroll/341ee9d0732bd1df3ca278dcaf6e11be.jpe\&quot; }, \&quot;series_id\&quot;: \&quot;GQWH0M455\&quot; } , { \&quot;title\&quot;: \&quot;Campfire Cooking in Another World with My Absurd Skill\&quot;, \&quot;key_art\&quot;: { \&quot;landscape_675x1200\&quot;: \&quot;https://www.crunchyroll.com/imgsrv/display/thumbnail/1200x675/catalog/crunchyroll/e6cb476574d67cf312718d4a582c0e86.jpe\&quot; }, \&quot;series_id\&quot;: \&quot;GG5H5X3EE\&quot; } , { \&quot;title\&quot;: \&quot;Uzaki-chan Wants to Hang Out!\&quot;, \&quot;key_art\&quot;: { \&quot;landscape_675x1200\&quot;: \&quot;https://www.crunchyroll.com/imgsrv/display/thumbnail/1200x675/catalog/crunchyroll/1cdb0295694694362032b22c2ec37aa7.jpe\&quot; }, \&quot;series_id\&quot;: \&quot;GNVHKN7KZ\&quot; } , { \&quot;title\&quot;: \&quot;Laid-Back Camp\&quot;, \&quot;key_art\&quot;: { \&quot;landscape_675x1200\&quot;: \&quot;https://imgsrv.crunchyroll.com/cdn-cgi/image/fit=contain,format=auto,quality=85,width=1200,height=675/catalog/crunchyroll/0e9e77c12a0cf3d56663e9ac1e9de114.jpg\&quot; }, \&quot;series_id\&quot;: \&quot;GRWEW95KR\&quot; } , { \&quot;title\&quot;: \&quot;Lycoris Recoil\&quot;, \&quot;key_art\&quot;: { \&quot;landscape_675x1200\&quot;: \&quot;https://www.crunchyroll.com/imgsrv/display/thumbnail/1200x675/catalog/crunchyroll/0b6e8bd4de40b260b3ccf0c700ce6710.jpe\&quot; }, \&quot;series_id\&quot;: \&quot;G1XHJV2X9\&quot; } , { \&quot;title\&quot;: \&quot;Restaurant to Another World\&quot;, \&quot;key_art\&quot;: { \&quot;landscape_675x1200\&quot;: \&quot;https://www.crunchyroll.com/imgsrv/display/thumbnail/1200x675/catalog/crunchyroll/1dce7fc631e8f5045f59631cea7c60ca.jpe\&quot; }, \&quot;series_id\&quot;: \&quot;GR49493P6\&quot; } ],\n\&quot;Sports\&quot;: [ { \&quot;title\&quot;: \&quot;Haikyu!!\&quot;, \&quot;key_art\&quot;: { \&quot;landscape_675x1200\&quot;: \&quot;https://imgsrv.crunchyroll.com/cdn-cgi/image/fit=contain,format=auto,quality=85,width=1200,height=675/catalog/crunchyroll/fe17730303eb9b81fab379a0546a3fc7.jpg\&quot; }, \&quot;series_id\&quot;: \&quot;GY8VM8MWY\&quot; } , { \&quot;title\&quot;: \&quot;BLUELOCK\&quot;, \&quot;key_art\&quot;: { \&quot;landscape_675x1200\&quot;: \&quot;https://imgsrv.crunchyroll.com/cdn-cgi/image/fit=contain,format=auto,quality=85,width=1200,height=675/catalog/crunchyroll/bc5934e65dcfc3e6f1f783160ce023fb.jpg\&quot; }, \&quot;series_id\&quot;: \&quot;G4PH0WEKE\&quot; } , { \&quot;title\&quot;: \&quot;Kuroko's Basketball\&quot;, \&quot;key_art\&quot;: { \&quot;landscape_675x1200\&quot;: \&quot;https://www.crunchyroll.com/imgsrv/display/thumbnail/1200x675/catalog/crunchyroll/2aebbcb9bd40255732bd026ef54f7d3b.jpe\&quot; }, \&quot;series_id\&quot;: \&quot;G62P48X56\&quot; } , { \&quot;title\&quot;: \&quot;SK8 the Infinity\&quot;, \&quot;key_art\&quot;: { \&quot;landscape_675x1200\&quot;: \&quot;https://www.crunchyroll.com/imgsrv/display/thumbnail/1200x675/catalog/crunchyroll/e69372959ebb4a10696594da464bbffe.jpe\&quot; }, \&quot;series_id\&quot;: \&quot;G5PHNM434\&quot; } , { \&quot;title\&quot;: \&quot;Free! - Iwatobi Swim Club\&quot;, \&quot;key_art\&quot;: { \&quot;landscape_675x1200\&quot;: \&quot;https://www.crunchyroll.com/imgsrv/display/thumbnail/1200x675/catalog/crunchyroll/50955d6e09cb2ca4e063c08facbdc567.jpe\&quot; }, \&quot;series_id\&quot;: \&quot;GRDQV2VWY\&quot; } , { \&quot;title\&quot;: \&quot;Captain Tsubasa: Junior Youth Arc\&quot;, \&quot;key_art\&quot;: { \&quot;landscape_675x1200\&quot;: \&quot;https://imgsrv.crunchyroll.com/cdn-cgi/image/fit=contain,format=auto,quality=85,width=1200,height=675/catalog/crunchyroll/3bc814bce9ab2e374fd5aa533dc96f3a.jpg\&quot; }, \&quot;series_id\&quot;: \&quot;G4PH0WJDQ\&quot; } ],\n\&quot;Supernatural\&quot;: [ { \&quot;title\&quot;: \&quot;Mob Psycho 100\&quot;, \&quot;key_art\&quot;: { \&quot;landscape_675x1200\&quot;: \&quot;https://www.crunchyroll.com/imgsrv/display/thumbnail/1200x675/catalog/crunchyroll/c0e2440d3f27196ba37abaed8b824df5.jpe\&quot; }, \&quot;series_id\&quot;: \&quot;GY190DKQR\&quot; } , { \&quot;title\&quot;: \&quot;Tokyo Ghoul\&quot;, \&quot;key_art\&quot;: { \&quot;landscape_675x1200\&quot;: \&quot;https://www.crunchyroll.com/imgsrv/display/thumbnail/1200x675/catalog/crunchyroll/95d654e35bbd2b8f972f2ccfe80df20b.jpe\&quot; }, \&quot;series_id\&quot;: \&quot;G6NV7Z50Y\&quot; } , { \&quot;title\&quot;: \&quot;Blue Exorcist\&quot;, \&quot;key_art\&quot;: { \&quot;landscape_675x1200\&quot;: \&quot;https://www.crunchyroll.com/imgsrv/display/thumbnail/1200x675/catalog/crunchyroll/f1120307d59378418b12db244ce9b9cd.jpe\&quot; }, \&quot;series_id\&quot;: \&quot;G649PJ0JY\&quot; } , { \&quot;title\&quot;: \&quot;Toilet-bound Hanako-kun\&quot;, \&quot;key_art\&quot;: { \&quot;landscape_675x1200\&quot;: \&quot;https://www.crunchyroll.com/imgsrv/display/thumbnail/1200x675/catalog/crunchyroll/a05c09b4ed1b17f559bdfd0fcdeb63e7.jpe\&quot; }, \&quot;series_id\&quot;: \&quot;G24H1N3ZP\&quot; } , { \&quot;title\&quot;: \&quot;Black Butler\&quot;, \&quot;key_art\&quot;: { \&quot;landscape_675x1200\&quot;: \&quot;https://imgsrv.crunchyroll.com/cdn-cgi/image/fit=contain,format=auto,quality=85,width=1200,height=675/catalog/crunchyroll/ff99c48c9aa901f08d3571a2276618a2.jpg\&quot; }, \&quot;series_id\&quot;: \&quot;GYQ43P3E6\&quot; } , { \&quot;title\&quot;: \&quot;Dekin no Mogura: The Earthbound Mole\&quot;, \&quot;key_art\&quot;: { \&quot;landscape_675x1200\&quot;: \&quot;https://braze-images.com/appboy/communication/assets/image_assets/images/689f816999268800644cf9b5/original.PNG?1755283816\&quot; }, \&quot;series_id\&quot;: \&quot;GZJH3D8Z1\&quot; } ],\n\&quot;Thriller\&quot;: [ { \&quot;title\&quot;: \&quot;Watari-kun's ****** Is About to Collapse\&quot;, \&quot;key_art\&quot;: { \&quot;landscape_675x1200\&quot;: \&quot;https://braze-images.com/appboy/communication/assets/image_assets/images/68c45561a8a4050064bcfc10/original.png?1757697376\&quot; }, \&quot;series_id\&quot;: \&quot;G0XHWM18X\&quot; } , { \&quot;title\&quot;: \&quot;ERASED\&quot;, \&quot;key_art\&quot;: { \&quot;landscape_675x1200\&quot;: \&quot;https://www.crunchyroll.com/imgsrv/display/thumbnail/1200x675/catalog/crunchyroll/09e46a3c3f53cb75e87af53393de7436.jpe\&quot; }, \&quot;series_id\&quot;: \&quot;GYGG92K7Y\&quot; } , { \&quot;title\&quot;: \&quot;Junji Ito Collection\&quot;, \&quot;key_art\&quot;: { \&quot;landscape_675x1200\&quot;: \&quot;https://www.crunchyroll.com/imgsrv/display/thumbnail/1200x675/catalog/crunchyroll/2786d82d5fbeb14517c8036e24147494.jpe\&quot; }, \&quot;series_id\&quot;: \&quot;G68V4NDJ6\&quot; } , { \&quot;title\&quot;: \&quot;Ron Kamonohashi's Forbidden Deductions\&quot;, \&quot;key_art\&quot;: { \&quot;landscape_675x1200\&quot;: \&quot;https://www.crunchyroll.com/imgsrv/display/thumbnail/1200x675/catalog/crunchyroll/3239b6c3b2beba654e5f95607a7bd85d.jpe\&quot; }, \&quot;series_id\&quot;: \&quot;GNVHKN903\&quot; } , { \&quot;title\&quot;: \&quot;Angels of Death\&quot;, \&quot;key_art\&quot;: { \&quot;landscape_675x1200\&quot;: \&quot;https://www.crunchyroll.com/imgsrv/display/thumbnail/1200x675/catalog/crunchyroll/c6939614ef5b1d51b537d257f6d926fb.jpe\&quot; }, \&quot;series_id\&quot;: \&quot;GRVDN485R\&quot; } , { \&quot;title\&quot;: \&quot;Takopi's Original Sin\&quot;, \&quot;key_art\&quot;: { \&quot;landscape_675x1200\&quot;: \&quot;https://braze-images.com/appboy/communication/assets/image_assets/images/68c4556125f92f007fa1b1a1/original.png?1757697376\&quot; }, \&quot;series_id\&quot;: \&quot;GKEH2G0X4\&quot; } ] }\n};\n\nfunction updateThankYouMessage(selectedGenres) {\n    const thankYouTitle = document.querySelector('#thankyou .modal__title');\n    const genreRecommendations = document.getElementById('genre-recommendations');\n    const thankYouText = document.querySelector('#thankyou .modal__text');\n    \n    thankYouTitle.innerHTML = `Thanks! Your anime picks are ready below`;\n    \n    const displayGenres = selectedGenres.slice(0, 3);\n    // Store the result of the function call\n    const isOnMobileDevice = isMobileDevice();\n\n    const logShowClick = (seriesId) =&gt; {\n        return `if(typeof appboyBridge !== 'undefined'){appboyBridge.logClick('click_${seriesId}');appboyBridge.requestImmediateDataFlush();}`;\n    };\n\n    const logExploreClick = (genre) =&gt; {\n        return `if(typeof appboyBridge !== 'undefined'){appboyBridge.logClick('explore_${genre}_button');appboyBridge.requestImmediateDataFlush();}`;\n    };\n    \n    let recommendationsHTML = '';\n     displayGenres.forEach(genre =&gt; {\n        if (shows.genres[genre]) {\n            const showCount = selectedGenres.length === 1 ? 6 : 3;\n            const maxTitleLength = getMaxTitleLength();\n            const formattedGenre = formatGenreForUrl(genre);\n            recommendationsHTML += `\n                &lt;div class=\&quot;genre-section\&quot;&gt;\n                    &lt;h2 class=\&quot;genre-title\&quot;&gt;${genre}&lt;\/h2&gt;\n                    &lt;div class=\&quot;content-grid-3\&quot;&gt;\n                        ${shows.genres[genre].slice(0, showCount).map(show =&gt; `\n                            &lt;a href=\&quot;${isOnMobileDevice ? `crunchyroll://series/${show.series_id}` : `https://www.crunchyroll.com/series/${show.series_id}`}\&quot; onclick=\&quot;${logShowClick(show.series_id)}\&quot;&gt;\n                                &lt;div class=\&quot;content-card\&quot;&gt;\n                                    &lt;img src=\&quot;${show.key_art.landscape_675x1200}\&quot; alt=\&quot;${show.title}\&quot;&gt;\n                                    &lt;div class=\&quot;show-info\&quot;&gt;\n                                        &lt;h3 class=\&quot;show-title\&quot;&gt;${truncateTitle(show.title, maxTitleLength)}&lt;\/h3&gt;\n                                    &lt;\/div&gt;\n                                &lt;\/div&gt;\n                            &lt;\/a&gt;\n                        `).join('')}\n                    &lt;\/div&gt;\n                    &lt;a href=\&quot;${isOnMobileDevice ? `crunchyroll://browse/genres/${formattedGenre}` : `https://www.crunchyroll.com/videos/${formattedGenre}`}\&quot; class=\&quot;modal__btn modal__btn--secondary\&quot; onclick=\&quot;${logExploreClick(genre)}\&quot;&gt;\n                        EXPLORE ${genre.toUpperCase()}\n                    &lt;\/a&gt;\n                &lt;\/div&gt;\n            `;\n        }\n    });\n    genreRecommendations.innerHTML = recommendationsHTML;\n    \n    let genreText = selectedGenres.join(\&quot;, \&quot;);\n}\n\nfunction isMobileDevice() {\n    return /Mobi|Android|iPhone|iPad|iPod|BlackBerry|Windows Phone|Opera Mini|IEMobile|Mobile/i.test(navigator.userAgent);\n}\n        \nfunction truncateTitle(title, maxLength) {\n    return title.length &gt; maxLength ? title.substring(0, maxLength) + '...' : title;\n}\n\nfunction getMaxTitleLength() {\n    return window.innerWidth &lt;= 900 ? 90 : 54;\n}\n        \nfunction formatGenreForUrl(genre) {\n    const isOnMobileDevice = isMobileDevice();\n    return genre.toLowerCase().replace(/\\s+/g, isOnMobileDevice ? '%20' : '-');\n}\n        \n        function validateForm() {\n            var isChecked = Array.from(checkboxes).some(checkbox =&gt; checkbox.checked);\n            \n            if (!isChecked) {\n                showError(\&quot;Please select at least one genre.\&quot;);\n                return false;\n            }\n\n            hideError();\n            return true;\n        }\n        \n        function showError(errorMessage) {\n            error.textContent = errorMessage;\n            error.style.visibility = \&quot;visible\&quot;;\n        }\n\n        function hideError() {\n            error.textContent = \&quot;\&quot;;\n            error.style.visibility = \&quot;hidden\&quot;;\n        }\n\n        document.querySelectorAll(\&quot;[data-button-id]\&quot;).forEach(function(node) {\n            node.addEventListener(\&quot;click\&quot;, function() {\n                if (typeof appboyBridge !== 'undefined') {\n                    appboyBridge.logClick(node.dataset.buttonId);\n                    appboyBridge.closeMessage();\n                    appboyBridge.requestImmediateDataFlush();\n                } else {\n                    console.log(\&quot;Button clicked:\&quot;, node.dataset.buttonId);\n                }\n            });\n        });\n\n        window.addEventListener('resize', function() {\n            var thankyou = document.getElementById(\&quot;thankyou\&quot;);\n            var overlay = document.querySelector('.overlay');\n\n            if (thankyou.style.display === \&quot;flex\&quot;) {\n                overlay.style.alignItems = 'center';\n            } else {\n                if (window.innerWidth &lt;= 900) {\n                    overlay.style.alignItems = 'flex-start';\n                } else {\n                    overlay.style.alignItems = 'center';\n                }\n            }\n        });\n    &lt;\/script&gt;\n&lt;\/body&gt;\n&lt;\/html&gt;&quot;,&quot;type&quot;:&quot;HTML&quot;},&quot;re_eligibility&quot;:60,&quot;min_seconds_since_last_trigger&quot;:-1,&quot;prefetch&quot;:true,&quot;end_time&quot;:-1,&quot;id&quot;:&quot;672a1e88cbe42600708511f0&quot;,&quot;priority&quot;:2000904000,&quot;type&quot;:&quot;inapp&quot;,&quot;timeout&quot;:-1}</string>
    <string name="6733f6e32ca5d80066254318">{&quot;start_time&quot;:1727834700,&quot;delay&quot;:0,&quot;trigger_condition&quot;:[{&quot;data&quot;:{&quot;campaign_id&quot;:&quot;673638e63b50860063f0f065&quot;},&quot;type&quot;:&quot;push_click&quot;}],&quot;data&quot;:{&quot;trigger_id&quot;:&quot;NjczM2Y2ZTMyY2E1ZDgwMDY2MjU0MzE4XyRfbXY9NjczM2Y2ZTMyY2E1ZDgwMDY2MjU0MzAyJnBpPWNtcA==&quot;,&quot;prefetch_file_urls&quot;:[&quot;https://braze-images.com/appboy/communication/assets/image_assets/images/66f71df29baf770065abf2cd/original.png?1727471089&quot;,&quot;https://appboy-images.com/appboy/communication/assets/code_assets/files/5f2d589683566823fc373ec4/original.js?1596807318&quot;],&quot;prefetch_zip_urls&quot;:[],&quot;prefetch_image_urls&quot;:[]},&quot;re_eligibility&quot;:60,&quot;min_seconds_since_last_trigger&quot;:-1,&quot;prefetch&quot;:true,&quot;end_time&quot;:-1,&quot;id&quot;:&quot;6733f6e32ca5d80066254318&quot;,&quot;priority&quot;:2000737000,&quot;type&quot;:&quot;templated_iam&quot;,&quot;timeout&quot;:-1}</string>
    <string name="65e747e9c74ee0004d4eb5c9">{&quot;start_time&quot;:1709655900,&quot;delay&quot;:0,&quot;trigger_condition&quot;:[{&quot;data&quot;:{&quot;campaign_id&quot;:&quot;65e7d4789d261e004b017da5&quot;},&quot;type&quot;:&quot;push_click&quot;}],&quot;data&quot;:{&quot;trigger_id&quot;:&quot;NjVlNzQ3ZTljNzRlZTAwMDRkNGViNWM5XyRfbXY9NjVlNzQ3ZTljNzRlZTAwMDRkNGViNWQwJnBpPWNtcA==&quot;,&quot;prefetch_file_urls&quot;:[&quot;https://braze-images.com/appboy/communication/assets/image_assets/images/670d7d37cef8e60063bfa192/original.png?1728937271&quot;,&quot;https://appboy-images.com/appboy/communication/assets/code_assets/files/5f2d589683566823fc373ec4/original.js?1596807318&quot;],&quot;prefetch_zip_urls&quot;:[],&quot;prefetch_image_urls&quot;:[]},&quot;re_eligibility&quot;:60,&quot;min_seconds_since_last_trigger&quot;:-1,&quot;prefetch&quot;:true,&quot;end_time&quot;:-1,&quot;id&quot;:&quot;65e747e9c74ee0004d4eb5c9&quot;,&quot;priority&quot;:2000536000,&quot;type&quot;:&quot;templated_iam&quot;,&quot;timeout&quot;:-1}</string>
    <string name="66fd73b1ae257500647d5633">{&quot;start_time&quot;:1727834700,&quot;delay&quot;:0,&quot;trigger_condition&quot;:[{&quot;data&quot;:{&quot;campaign_id&quot;:&quot;66fca9455209440064ef7200&quot;},&quot;type&quot;:&quot;push_click&quot;}],&quot;data&quot;:{&quot;trigger_id&quot;:&quot;NjZmZDczYjFhZTI1NzUwMDY0N2Q1NjMzXyRfbXY9NjZmZDczYjFhZTI1NzUwMDY0N2Q1NjIwJnBpPWNtcA==&quot;,&quot;prefetch_file_urls&quot;:[&quot;https://braze-images.com/appboy/communication/assets/image_assets/images/66f71c6fe9e1cd0073d87a67/original.png?1727470703&quot;,&quot;https://appboy-images.com/appboy/communication/assets/code_assets/files/5f2d589683566823fc373ec4/original.js?1596807318&quot;],&quot;prefetch_zip_urls&quot;:[],&quot;prefetch_image_urls&quot;:[]},&quot;re_eligibility&quot;:60,&quot;min_seconds_since_last_trigger&quot;:-1,&quot;prefetch&quot;:true,&quot;end_time&quot;:-1,&quot;id&quot;:&quot;66fd73b1ae257500647d5633&quot;,&quot;priority&quot;:2000800000,&quot;type&quot;:&quot;templated_iam&quot;,&quot;timeout&quot;:-1}</string>
    <string name="6744d8f14520e200634f8f12">{&quot;start_time&quot;:1732565100,&quot;delay&quot;:0,&quot;trigger_condition&quot;:[{&quot;data&quot;:{&quot;campaign_id&quot;:&quot;6744d9ef6bc1cd0064a6f426&quot;},&quot;type&quot;:&quot;push_click&quot;}],&quot;data&quot;:{&quot;trigger_id&quot;:&quot;Njc0NGQ4ZjE0NTIwZTIwMDYzNGY4ZjEyXyRfbXY9Njc0NGQ4ZjE0NTIwZTIwMDYzNGY4ZjE0JnBpPWNtcA==&quot;,&quot;prefetch_file_urls&quot;:[&quot;https://braze-images.com/appboy/communication/assets/image_assets/images/673ca9a1f446b4006469a8b0/original.jpg?1732028833&quot;,&quot;https://appboy-images.com/appboy/communication/assets/code_assets/files/5f2d589683566823fc373ec4/original.js?1596807318&quot;],&quot;prefetch_zip_urls&quot;:[],&quot;prefetch_image_urls&quot;:[]},&quot;re_eligibility&quot;:-1,&quot;min_seconds_since_last_trigger&quot;:-1,&quot;prefetch&quot;:true,&quot;end_time&quot;:-1,&quot;id&quot;:&quot;6744d8f14520e200634f8f12&quot;,&quot;priority&quot;:2000931000,&quot;type&quot;:&quot;templated_iam&quot;,&quot;timeout&quot;:-1}</string>
</map>
