<?xml version='1.0' encoding='utf-8' standalone='yes' ?>
<map>
    <string name="feature_usage_package_name">com.crunchyroll.crunchyroid</string>
    <long name="feature_usage_timestamp_detected_feature_33" value="1769791077120" />
    <long name="feature_usage_timestamp_detected_feature_3" value="1769791076963" />
    <long name="feature_usage_timestamp_detected_feature_12" value="1769791076975" />
    <long name="feature_usage_last_report_time" value="1769791034841" />
    <long name="feature_usage_timestamp_detected_feature_15" value="1769791076976" />
    <string name="feature_usage_sdk_version">21.4.0</string>
    <long name="feature_usage_timestamp_reported_feature_5" value="1769791034837" />
    <long name="feature_usage_timestamp_detected_feature_18" value="1769791073862" />
</map>
