<?xml version='1.0' encoding='utf-8' standalone='yes' ?>
<map>
    <string name="feature_usage_package_name">com.crunchyroll.crunchyroid</string>
    <long name="feature_usage_timestamp_detected_feature_33" value="1761387520241" />
    <long name="feature_usage_timestamp_detected_feature_3" value="1761387520167" />
    <long name="feature_usage_timestamp_detected_feature_12" value="1761387520177" />
    <long name="feature_usage_last_report_time" value="1761387446508" />
    <long name="feature_usage_timestamp_detected_feature_15" value="1761387520178" />
    <string name="feature_usage_sdk_version">21.4.0</string>
    <long name="feature_usage_timestamp_reported_feature_5" value="1761387446507" />
    <long name="feature_usage_timestamp_detected_feature_18" value="1761387519325" />
</map>
