<?xml version='1.0' encoding='utf-8' standalone='yes' ?>
<map>
    <set name="kotlin/2.0.21 device-name/RMX5003IN fire-installations/18.0.0 android-min-sdk/26 fire-analytics/21.3.0 device-brand/realme fire-android/35 fire-core/21.0.0 fire-iid/20.1.6 fire-core-ktx/21.0.0 android-installer/com.google.android.packageinstaller fire-cls-ndk/19.4.4 device-model/RE6066L1 android-platform/ fire-sessions/2.1.2 fire-cls/19.4.4 fire-fcm/20.1.6 android-target-sdk/35 fire-transport/19.0.0">
        <string>2026-01-31</string>
        <string>2026-02-04</string>
        <string>2026-02-03</string>
        <string>2026-02-01</string>
    </set>
    <string name="last-used-date">2026-02-04</string>
    <long name="fire-count" value="4" />
    <long name="fire-global" value="1769868138770" />
</map>
