<?xml version='1.0' encoding='utf-8' standalone='yes' ?>
<map>
    <set name="kotlin/2.0.21 android-min-sdk/26 fire-installations/18.0.0 device-name/RMX5003IN fire-analytics/21.3.0 device-brand/realme fire-android/35 fire-core/21.0.0 fire-core-ktx/21.0.0 fire-iid/20.1.6 android-installer/com.google.android.packageinstaller device-model/RE6066L1 fire-cls-ndk/19.4.4 android-platform/ fire-cls/19.4.4 fire-sessions/2.1.2 fire-fcm/20.1.6 android-target-sdk/35 fire-transport/19.0.0">
        <string>2025-09-13</string>
    </set>
    <string name="last-used-date">2025-09-13</string>
    <long name="fire-count" value="1" />
    <long name="fire-global" value="1757779827042" />
</map>
