{"Fid":"eXfAC38lQFWTAib4pD-_mH","Status":3,"RefreshToken":"3_AS3qfwLgv7HJ9VEZJr8k5dh1OYRKvsCgMLhfkJhDJRk0RFInmT9bbl-G3BPWpipJpk6Iu4DqeC72nhhsR6f-5LFXlXu6AJNbjr35GNWUvAsou34","AuthToken":"eyJhbGciOiJFUzI1NiIsInR5cCI6IkpXVCJ9.eyJhcHBJZCI6IjE6MzY3MjY5MDA4OTg2OmFuZHJvaWQ6NzliMWNhNTQ5NTQxMTEyNCIsImV4cCI6MTc1NzEwMjc5MCwiZmlkIjoiZVhmQUMzOGxRRldUQWliNHBELV9tSCIsInByb2plY3ROdW1iZXIiOjM2NzI2OTAwODk4Nn0.AB2LPV8wRQIgY0tEce6tNWNoN72LCOfkMrBoEJhJAWWeTUmMC_-uAnwCIQC6REcQOAE7ajGsC8jhJkHt1zC76QaKJ41_awLztv_7Xg","TokenCreationEpochInSecs":1756497989,"ExpiresInSecs":604800}