{"Fid":"eF_QirE2QpGaXi5YSTHHUd","Status":3,"RefreshToken":"3_AS3qfwIDFIchsbuDetJOeDWTDL-RLOi3BmTKNSQgX1d7dXgpDxCbUZOJGcz0xcpAhROYnI8RJSpPAZ3bTSR2UruUsrgSpwZKZsOAJDo98wmOuUs","AuthToken":"eyJhbGciOiJFUzI1NiIsInR5cCI6IkpXVCJ9.eyJhcHBJZCI6IjE6MzY3MjY5MDA4OTg2OmFuZHJvaWQ6NzliMWNhNTQ5NTQxMTEyNCIsImV4cCI6MTc1NzE2NDA5MSwiZmlkIjoiZUZfUWlyRTJRcEdhWGk1WVNUSEhVZCIsInByb2plY3ROdW1iZXIiOjM2NzI2OTAwODk4Nn0.AB2LPV8wRgIhAIFI8ZqZQ5ZhVUhUr0A5x91FZx_GxJWUlAuEy0gKPEvHAiEAoD6iZ-Xugv8rRa7i7aYqbX4KnYXGA6FjZO4eoCWL4lY","TokenCreationEpochInSecs":1756559290,"ExpiresInSecs":604800}