{"Fid":"fsZSu7EFTGq_pW-vsxvUqn","Status":3,"RefreshToken":"3_AS3qfwJ46H6Djq-HNVNGPUxNNB6Jg7Kq1k4f8p8Kdzyw_Dxnxi4p3z12MHM3wWQFoGu9ftxmrUtg4xPL9TSL5wHo1X_W5SVHPKPjHlws04mi0kY","AuthToken":"eyJhbGciOiJFUzI1NiIsInR5cCI6IkpXVCJ9.eyJhcHBJZCI6IjE6MzY3MjY5MDA4OTg2OmFuZHJvaWQ6NzliMWNhNTQ5NTQxMTEyNCIsImV4cCI6MTc1NzE2NDYzMiwiZmlkIjoiZnNaU3U3RUZUR3FfcFctdnN4dlVxbiIsInByb2plY3ROdW1iZXIiOjM2NzI2OTAwODk4Nn0.AB2LPV8wRgIhAOVRrfyAHmGbW1OjyC2ivbjBlllQIgE_AP4bI10U44U6AiEApnMPUecITCMs64rIBF2XatLmAjVStzqoqNihnMipm68","TokenCreationEpochInSecs":1756559831,"ExpiresInSecs":604800}