<?xml version='1.0' encoding='utf-8' standalone='yes' ?>
<map>
    <boolean name="namespaceSharedPreferences" value="false" />
    <string name="project-settings-plan-wSgiSNwwTtjusY4M1GugEJ3I3kBxgBvU">{&quot;_lastModified&quot;:&quot;2025-09-18T06:57:50.697Z&quot;,&quot;integrations&quot;:{&quot;Amazon S3&quot;:{&quot;versionSettings&quot;:{&quot;componentTypes&quot;:[]}},&quot;Singular&quot;:{&quot;apiKey&quot;:&quot;crunchyrollinc_e8c79ab9&quot;,&quot;secret&quot;:&quot;aeb4fd44e51ee8d80a6266427e09b125&quot;,&quot;versionSettings&quot;:{&quot;componentTypes&quot;:[&quot;ios&quot;,&quot;android&quot;,&quot;server&quot;]},&quot;type&quot;:&quot;ios&quot;},&quot;Actions Google Analytic 4&quot;:{&quot;versionSettings&quot;:{&quot;componentTypes&quot;:[]}},&quot;Mixpanel (Actions)&quot;:{&quot;versionSettings&quot;:{&quot;componentTypes&quot;:[]}},&quot;Braze Cloud Mode (Actions)&quot;:{&quot;versionSettings&quot;:{&quot;componentTypes&quot;:[&quot;server&quot;]},&quot;type&quot;:&quot;server&quot;},&quot;Segment.io&quot;:{&quot;apiKey&quot;:&quot;wSgiSNwwTtjusY4M1GugEJ3I3kBxgBvU&quot;,&quot;unbundledIntegrations&quot;:[&quot;Mixpanel&quot;,&quot;Google Analytics&quot;],&quot;addBundledMetadata&quot;:true,&quot;maybeBundledConfigIds&quot;:{&quot;Singular&quot;:[&quot;60b0bb4d1f42e4c53a6dfc29&quot;]},&quot;versionSettings&quot;:{&quot;version&quot;:&quot;4.4.7&quot;,&quot;componentTypes&quot;:[&quot;browser&quot;]}}},&quot;plan&quot;:{&quot;track&quot;:{&quot;__default&quot;:{&quot;enabled&quot;:true,&quot;integrations&quot;:{}}},&quot;identify&quot;:{&quot;__default&quot;:{&quot;enabled&quot;:true}},&quot;group&quot;:{&quot;__default&quot;:{&quot;enabled&quot;:true}}},&quot;edgeFunction&quot;:{},&quot;analyticsNextEnabled&quot;:true,&quot;middlewareSettings&quot;:{},&quot;enabledMiddleware&quot;:{},&quot;metrics&quot;:{&quot;sampleRate&quot;:0.1},&quot;legacyVideoPluginsEnabled&quot;:false,&quot;remotePlugins&quot;:[{&quot;name&quot;:&quot;Braze Cloud Mode (Actions)&quot;,&quot;creationName&quot;:&quot;Braze Cloud Mode (Actions)&quot;,&quot;libraryName&quot;:&quot;braze-cloud-pluginsDestination&quot;,&quot;url&quot;:&quot;https://cdn.segment.com/next-integrations/actions/braze-cloud-plugins/937589e650ea6107fc14.js&quot;,&quot;settings&quot;:{&quot;versionSettings&quot;:{&quot;componentTypes&quot;:[&quot;server&quot;]},&quot;type&quot;:&quot;server&quot;,&quot;subscriptions&quot;:[]}}],&quot;autoInstrumentationSettings&quot;:{&quot;disableTraffic&quot;:false,&quot;sampleRate&quot;:0.0},&quot;timestamp&quot;:1758286239212}</string>
    <string name="device.id">7e5404566d9674a5ade8fdba1c940a2b4c6d0e532de181f0720338e71eeac443</string>
    <int name="build" value="952" />
    <string name="version">3.89.2</string>
    <string name="traits-wSgiSNwwTtjusY4M1GugEJ3I3kBxgBvU">{&quot;pushNotificationAndroid&quot;:&quot;enabled&quot;,&quot;anonymousId&quot;:&quot;2f09a118-0cdc-4369-8e08-585e90a15344&quot;,&quot;subscriber_key&quot;:&quot;542cda5a67293d3d48d5331c58d5791070ffd12e742383c4d016345274c02e21&quot;,&quot;syncUsingCellular&quot;:false,&quot;userId&quot;:&quot;c70905da-0ef9-55fd-83c3-7796577a9f11&quot;,&quot;subStatus&quot;:&quot;Annual Mega Fan&quot;,&quot;createdAt&quot;:&quot;2025-09-19T12:57:33+0000&quot;,&quot;phoneNumber&quot;:&quot;&quot;,&quot;pushNotificationOptOut&quot;:&quot;&quot;,&quot;externalUserId&quot;:&quot;1242959441&quot;,&quot;profileId&quot;:&quot;abe436c1-41e9-4169-8379-612614fc086a&quot;,&quot;email&quot;:&quot;mgayushduo10@gmail.com&quot;,&quot;username&quot;:&quot;&quot;}</string>
</map>
