<?xml version='1.0' encoding='utf-8' standalone='yes' ?>
<map>
    <long name="sites_visited_weekly_time" value="1757779833264" />
    <set name="related_sites_visited_weekly_set">
        <string>2037868067</string>
    </set>
    <string name="origins_visited_date">9/19/25</string>
    <set name="origins_visited_set">
        <string>1280781257</string>
        <string>4242250194</string>
    </set>
    <set name="sites_visited_weekly_set">
        <string>2037868067</string>
    </set>
</map>
