<?xml version='1.0' encoding='utf-8' standalone='yes' ?>
<map>
    <string name="https://braze-images.com/appboy/communication/assets/image_assets/images/66f71df29baf770065abf2cd/original.png?1727471089">/data/user/0/com.crunchyroll.crunchyroid/cache/ab_triggers/41470126.png</string>
    <string name="https://braze-images.com/appboy/communication/assets/font_assets/files/66b944a556e9e30063fbb863/original.woff2?1723417765">/data/user/0/com.crunchyroll.crunchyroid/cache/ab_triggers/698771589.woff2</string>
    <string name="https://braze-images.com/appboy/communication/assets/image_assets/images/66f443c29de43c0063c25de2/original.png?1727284161">/data/user/0/com.crunchyroll.crunchyroid/cache/ab_triggers/376317971.png</string>
    <string name="https://braze-images.com/appboy/communication/assets/image_assets/images/6722366fd7da0f0064dca405/original.png?1730295407">/data/user/0/com.crunchyroll.crunchyroid/cache/ab_triggers/101447466.png</string>
    <string name="https://braze-images.com/appboy/communication/assets/image_assets/images/66f71c6fe9e1cd0073d87a67/original.png?1727470703">/data/user/0/com.crunchyroll.crunchyroid/cache/ab_triggers/460330628.png</string>
    <string name="https://braze-images.com/appboy/communication/assets/font_assets/files/63ee4dd37d34955b8c81124d/original.otf?1676561875">/data/user/0/com.crunchyroll.crunchyroid/cache/ab_triggers/872748610.otf</string>
    <string name="https://braze-images.com/appboy/communication/assets/image_assets/images/689f816999268800644cf9b5/original.PNG?1755283816">/data/user/0/com.crunchyroll.crunchyroid/cache/ab_triggers/697497009.PNG</string>
    <string name="https://braze-images.com/appboy/communication/assets/image_assets/images/686bfae278100400646ecc7f/original.PNG?1751907041">/data/user/0/com.crunchyroll.crunchyroid/cache/ab_triggers/80582464.PNG</string>
    <string name="https://braze-images.com/appboy/communication/assets/font_assets/files/63ee4dd3d6ec073fd90b49aa/original.otf?1676561875">/data/user/0/com.crunchyroll.crunchyroid/cache/ab_triggers/515516198.otf</string>
    <string name="https://braze-images.com/appboy/communication/assets/image_assets/images/66f2cb286a4613006369b13d/original.png?1727187752">/data/user/0/com.crunchyroll.crunchyroid/cache/ab_triggers/995679745.png</string>
    <string name="https://braze-images.com/appboy/communication/assets/image_assets/images/68c45561a8a4050064bcfc10/original.png?1757697376">/data/user/0/com.crunchyroll.crunchyroid/cache/ab_triggers/652583092.png</string>
    <string name="https://braze-images.com/appboy/communication/assets/font_assets/files/64cbee2c488ff3775b87684e/original.ttf?1691086380">/data/user/0/com.crunchyroll.crunchyroid/cache/ab_triggers/539190861.ttf</string>
    <string name="https://braze-images.com/appboy/communication/assets/image_assets/images/67f6a0ee69343e0064741bf7/original.PNG?1744216301">/data/user/0/com.crunchyroll.crunchyroid/cache/ab_triggers/516375751.PNG</string>
    <string name="https://braze-images.com/appboy/communication/assets/font_assets/files/64cbee2c1b69b837be76a266/original.ttf?1691086380">/data/user/0/com.crunchyroll.crunchyroid/cache/ab_triggers/483605663.ttf</string>
    <string name="https://braze-images.com/appboy/communication/assets/image_assets/images/66f449cb0d356600667c3221/original.png?1727285706">/data/user/0/com.crunchyroll.crunchyroid/cache/ab_triggers/538125039.png</string>
    <string name="https://braze-images.com/appboy/communication/assets/image_assets/images/68c4556125f92f007fa1b1a1/original.png?1757697376">/data/user/0/com.crunchyroll.crunchyroid/cache/ab_triggers/566561102.png</string>
    <string name="https://appboy-images.com/appboy/communication/assets/code_assets/files/5f2d589683566823fc373ec4/original.js?1596807318">/data/user/0/com.crunchyroll.crunchyroid/cache/ab_triggers/190287241.js</string>
    <string name="https://braze-images.com/appboy/communication/assets/image_assets/images/68c45437478d7000657140e8/original.png?1757697079">/data/user/0/com.crunchyroll.crunchyroid/cache/ab_triggers/415180811.png</string>
    <string name="https://braze-images.com/appboy/communication/assets/image_assets/images/66f2cb28a64ce00063321a33/original.png?1727187752">/data/user/0/com.crunchyroll.crunchyroid/cache/ab_triggers/648080226.png</string>
    <string name="https://braze-images.com/appboy/communication/assets/image_assets/images/68c451605458dc00643d1df8/original.png?1757696351">/data/user/0/com.crunchyroll.crunchyroid/cache/ab_triggers/364513734.png</string>
    <string name="https://braze-images.com/appboy/communication/assets/image_assets/images/670eab42d643bd0065f0629f/original.png?1729014593">/data/user/0/com.crunchyroll.crunchyroid/cache/ab_triggers/104553268.png</string>
    <string name="https://braze-images.com/appboy/communication/assets/image_assets/images/686c02e48863a30065dfb3e8/original.PNG?1751909091">/data/user/0/com.crunchyroll.crunchyroid/cache/ab_triggers/764757993.PNG</string>
    <string name="https://braze-images.com/appboy/communication/assets/image_assets/images/670dccc5001a6200635080ab/original.png?1728957636">/data/user/0/com.crunchyroll.crunchyroid/cache/ab_triggers/355845306.png</string>
    <string name="https://braze-images.com/appboy/communication/assets/image_assets/images/66db536143f7830063604816/original.png?1725649761">/data/user/0/com.crunchyroll.crunchyroid/cache/ab_triggers/151519164.png</string>
    <string name="https://braze-images.com/appboy/communication/assets/image_assets/images/66f2cb286f1f2c0063981480/original.png?1727187752">/data/user/0/com.crunchyroll.crunchyroid/cache/ab_triggers/544780680.png</string>
    <string name="https://braze-images.com/appboy/communication/assets/image_assets/images/66f2cb29b7d5df0063b92824/original.png?1727187752">/data/user/0/com.crunchyroll.crunchyroid/cache/ab_triggers/32511618.png</string>
    <string name="https://braze-images.com/appboy/communication/assets/font_assets/files/680bc887a5bf8f0062be92ec/original.ttf?1745602694">/data/user/0/com.crunchyroll.crunchyroid/cache/ab_triggers/274116880.ttf</string>
    <string name="https://braze-images.com/appboy/communication/assets/font_assets/files/63ee4dd3f0e6405eef7e2821/original.otf?1676561875">/data/user/0/com.crunchyroll.crunchyroid/cache/ab_triggers/487703992.otf</string>
    <string name="https://braze-images.com/appboy/communication/assets/image_assets/images/6722ace434093b0063076831/original.jpg?1730325732">/data/user/0/com.crunchyroll.crunchyroid/cache/ab_triggers/1057224714.jpg</string>
    <string name="https://braze-images.com/appboy/communication/assets/image_assets/images/673ca9a1f446b4006469a8b0/original.jpg?1732028833">/data/user/0/com.crunchyroll.crunchyroid/cache/ab_triggers/68339431.jpg</string>
    <string name="https://braze-images.com/appboy/communication/assets/image_assets/images/66f2cb2894f1470064c7593a/original.png?1727187752">/data/user/0/com.crunchyroll.crunchyroid/cache/ab_triggers/744492930.png</string>
    <string name="https://braze-images.com/appboy/communication/assets/font_assets/files/680bc88612436500617341c5/original.ttf?1745602694">/data/user/0/com.crunchyroll.crunchyroid/cache/ab_triggers/839562881.ttf</string>
    <string name="https://braze-images.com/appboy/communication/assets/image_assets/images/6722cdf4969d1d0063bca041/original.png?1730334196">/data/user/0/com.crunchyroll.crunchyroid/cache/ab_triggers/161429614.png</string>
    <string name="https://braze-images.com/appboy/communication/assets/image_assets/images/670d7d37cef8e60063bfa192/original.png?1728937271">/data/user/0/com.crunchyroll.crunchyroid/cache/ab_triggers/898443708.png</string>
    <string name="https://braze-images.com/appboy/communication/assets/image_assets/images/66f2034cb4659b0066e3c3af/original.png?1727136588">/data/user/0/com.crunchyroll.crunchyroid/cache/ab_triggers/650053555.png</string>
    <string name="https://braze-images.com/appboy/communication/assets/font_assets/files/64cbee2cde793d772abe1d96/original.ttf?1691086380">/data/user/0/com.crunchyroll.crunchyroid/cache/ab_triggers/476427396.ttf</string>
    <string name="https://braze-images.com/appboy/communication/assets/font_assets/files/66b944a06355830063e4b562/original.woff2?1723417760">/data/user/0/com.crunchyroll.crunchyroid/cache/ab_triggers/1071807271.woff2</string>
    <string name="https://braze-images.com/appboy/communication/assets/image_assets/images/686555088a5036006574e005/original.PNG?1751471367">/data/user/0/com.crunchyroll.crunchyroid/cache/ab_triggers/297122684.PNG</string>
    <string name="https://braze-images.com/appboy/communication/assets/image_assets/images/6722a6e37e82e800648885dc/original.png?1730324194">/data/user/0/com.crunchyroll.crunchyroid/cache/ab_triggers/248308518.png</string>
    <string name="https://braze-images.com/appboy/communication/assets/image_assets/images/68c452b55028080064de67ab/original.png?1757696692">/data/user/0/com.crunchyroll.crunchyroid/cache/ab_triggers/387316023.png</string>
    <string name="https://braze-images.com/appboy/communication/assets/image_assets/images/6866e40ee0408d006541bc22/original.PNG?1751573518">/data/user/0/com.crunchyroll.crunchyroid/cache/ab_triggers/235137558.PNG</string>
    <string name="https://braze-images.com/appboy/communication/assets/font_assets/files/64cbee2cccaa45223717796c/original.ttf?1691086380">/data/user/0/com.crunchyroll.crunchyroid/cache/ab_triggers/232809402.ttf</string>
</map>
